PlayerID,C1_Win,C1_2in,C1_3in,C2_Win,C2_2in,C2_3in,C3_Win,C3_2in,C3_3in,C4_Win,C4_2in,C4_3in,C5_Win,C5_2in,C5_3in,C6_Win,C6_2in,C6_3in
2878,47.6,19.0,14.3,26.3,15.8,31.6,3.6,21.4,17.9,4.3,34.8,30.4,11.1,11.1,0.0,0.0,0.0,0.0
3075,42.1,5.3,15.8,5.0,25.0,15.0,4.3,4.3,17.4,4.5,31.8,31.8,6.2,31.2,10.5,15.8,0.0,0.0
3105,38.9,27.8,16.7,15.8,5.3,31.6,4.3,17.4,13.0,5.9,17.6,11.8,12.5,25.0,14.3,0.0,0.0,0.0
3107,42.9,7.1,14.3,15.4,30.8,9.5,4.8,35.3,5.9,5.9,17.6,7.7,15.4,0.0,0.0,0.0,0.0,0.0
3156,27.8,16.7,16.7,6.7,13.3,13.3,4.2,8.3,12.5,5.9,5.9,0.0,0.0,0.0,0.0,0.0,0.0,0.0
3211,6.2,12.5,25.0,5.0,15.0,15.0,4.5,22.7,9.1,5.6,10.5,10.5,13.3,0.0,0.0,0.0,0.0,0.0
3226,35.0,30.0,15.0,19.2,15.4,5.9,17.6,23.5,4.3,8.7,17.4,5.0,20.0,7.1,14.3,0.0,0.0,0.0
3251,51.7,20.7,13.8,8.3,29.2,8.3,13.8,24.1,10.3,9.5,19.0,28.6,5.0,15.0,10.0,8.7,17.4,26.1
3256,56.0,24.0,16.0,33.3,11.1,11.1,26.1,39.1,17.4,6.7,13.3,40.0,12.0,16.0,16.0,21.4,21.4,0.0
3257,57.9,26.3,5.3,24.5,22.6,9.4,7.7,46.2,7.7,0.0,0.0,0.0,0.0,0.0,0.0,0.0,0.0,0.0
3268,46.2,38.5,7.7,10.5,21.1,15.8,5.9,23.5,15.4,7.7,8.3,16.7,0.0,0.0,0.0,0.0,0.0,0.0
3277,26.3,15.8,21.1,9.5,19.0,19.0,4.2,16.7,25.0,6.7,20.0,6.7,6.2,6.2,15.8,0.0,0.0,0.0
3282,33.3,16.7,18.8,25.0,27.8,16.7,11.8,23.5,16.7,16.7,0.0,0.0,0.0,0.0,0.0,0.0,0.0,0.0
3297,28.6,14.3,35.7,6.5,16.1,16.1,8.3,5.6,33.3,12.5,12.5,6.2,0.0,0.0,0.0,0.0,0.0,0.0
3300,80.0,12.0,13.6,31.8,18.2,17.6,52.9,11.8,8.0,20.0,24.0,5.9,11.8,17.6,22.7,13.6,0.0,0.0
3305,47.1,17.6,5.9,11.1,11.1,16.7,27.8,11.1,11.8,17.6,13.3,13.3,0.0,0.0,0.0,0.0,0.0,0.0
3313,23.5,17.6,5.9,25.0,15.0,13.3,13.3,6.7,5.9,5.9,17.6,5.3,0.0,0.0,0.0,0.0,0.0,0.0
3315,10.0,30.0,10.0,18.2,18.2,18.2,7.7,23.1,28.6,35.7,7.7,7.1,0.0,0.0,0.0,0.0,0.0,0.0
3319,16.7,16.7,8.3,16.7,25.0,16.7,25.0,33.3,5.3,21.1,21.1,15.4,30.8,10.0,30.0,0.0,0.0,0.0
3334,63.2,26.3,16.7,27.8,22.2,9.5,33.3,38.1,4.5,4.5,31.8,10.5,21.1,7.7,0.0,0.0,0.0,0.0
3362,43.5,13.0,8.7,13.6,31.8,13.6,9.1,18.2,27.3,4.8,9.5,0.0,0.0,0.0,0.0,0.0,0.0,0.0
3370,61.5,15.4,25.0,15.0,18.8,12.5,20.0,13.6,0.0,0.0,0.0,0.0,0.0,0.0,0.0,0.0,0.0,0.0
3385,52.4,33.3,5.6,44.4,22.2,40.0,40.0,5.6,22.2,27.8,5.9,23.5,7.1,14.3,0.0,0.0,0.0,0.0
3392,25.0,25.0,11.8,23.5,22.2,11.1,17.6,11.8,23.5,7.1,14.3,0.0,0.0,0.0,0.0,0.0,0.0,0.0
3401,25.0,16.7,8.3,12.5,18.8,18.8,33.3,8.3,33.3,11.1,9.1,9.1,45.5,6.2,6.2,0.0,0.0,0.0
3415,64.0,12.0,8.0,22.2,18.5,29.6,4.0,20.0,28.0,9.1,13.6,45.5,5.6,11.1,20.0,40.0,0.0,0.0
3434,38.9,11.1,16.7,30.0,20.0,6.7,20.0,26.7,5.6,16.7,16.7,10.5,21.1,10.5,12.5,0.0,0.0,0.0
3444,20.0,10.0,7.7,23.1,7.7,7.7,6.7,13.3,20.0,7.7,7.7,15.4,15.4,0.0,0.0,0.0,0.0,0.0
3448,23.5,5.9,17.6,5.0,10.0,15.0,34.8,21.7,11.1,44.4,6.2,18.8,16.7,0.0,0.0,0.0,0.0,0.0
3455,35.7,28.6,14.3,20.0,6.7,13.3,6.2,18.8,25.0,6.7,26.7,13.3,6.7,20.0,7.1,21.4,0.0,0.0
3458,23.1,23.1,7.7,5.0,10.0,10.0,5.0,20.0,10.0,5.3,10.5,10.5,15.8,21.1,0.0,0.0,0.0,0.0
3470,40.0,13.3,6.7,6.2,43.8,25.0,40.0,5.0,5.0,12.5,25.0,8.3,16.7,16.7,9.1,9.1,0.0,0.0
3473,49.1,17.5,10.5,16.4,21.9,21.9,37.5,25.0,0.0,0.0,0.0,0.0,0.0,0.0,0.0,0.0,0.0,0.0
3482,45.5,31.8,13.6,16.7,25.0,25.0,8.7,30.4,17.4,4.0,16.0,32.0,14.3,19.0,14.3,4.2,16.7,29.2
3489,53.3,23.3,3.3,12.5,16.7,25.0,11.1,37.0,25.9,4.0,16.0,28.0,11.1,48.1,7.1,14.3,7.1,0.0
3499,77.4,6.5,6.5,22.7,27.3,36.4,17.2,24.1,13.8,7.7,11.5,19.2,12.5,25.0,16.7,16.7,0.0,0.0
3503,41.2,5.9,11.8,10.5,26.3,21.1,5.3,26.3,10.5,15.8,21.1,9.5,9.5,6.2,0.0,0.0,0.0,0.0
3507,25.0,33.3,13.3,13.3,6.2,18.8,5.0,20.0,30.8,25.0,0.0,0.0,0.0,0.0,0.0,0.0,0.0,0.0
3508,26.3,36.8,10.5,5.0,15.0,30.0,8.3,25.0,4.2,8.3,16.7,25.0,15.8,26.3,5.3,0.0,0.0,0.0
3518,20.0,20.0,18.2,9.1,21.4,14.3,15.4,7.7,30.8,7.7,23.1,0.0,0.0,0.0,0.0,0.0,0.0,0.0
3519,53.3,26.7,6.7,5.0,35.0,15.0,31.2,6.2,4.8,23.8,19.0,5.0,25.0,5.6,0.0,0.0,0.0,0.0
3523,16.7,33.3,16.7,7.7,15.4,7.7,13.3,26.7,6.7,20.0,23.1,16.7,16.7,0.0,0.0,0.0,0.0,0.0
3535,46.2,15.4,7.7,11.1,16.7,33.3,4.8,9.5,23.8,15.0,20.0,10.0,15.8,21.1,0.0,0.0,0.0,0.0
3541,55.6,22.2,3.7,33.3,33.3,19.0,25.0,16.7,16.7,11.1,16.7,50.0,16.7,20.8,12.5,25.0,25.0,0.0
3542,30.0,20.0,10.0,5.9,10.3,22.1,14.3,0.0,0.0,0.0,0.0,0.0,0.0,0.0,0.0,0.0,0.0,0.0
3543,56.2,12.5,18.8,16.7,27.8,27.8,18.8,6.2,18.8,20.0,13.3,5.6,22.2,22.2,15.4,0.0,0.0,0.0
3546,23.5,23.5,23.5,5.9,5.0,15.0,10.0,8.7,17.4,13.0,10.0,20.0,10.0,0.0,0.0,0.0,0.0,0.0
3556,81.1,10.8,5.4,16.0,12.0,32.0,9.1,40.9,22.7,29.2,29.2,8.3,8.3,37.5,16.7,6.7,6.7,40.0
3557,66.7,20.5,2.6,8.7,47.8,13.0,12.9,38.7,22.6,20.6,23.5,23.5,15.8,15.8,31.6,6.2,25.0,0.0
3562,53.3,20.0,13.3,16.1,29.0,25.8,5.3,31.6,15.8,17.2,27.6,20.7,13.3,33.3,6.7,5.9,11.8,0.0
3564,28.6,21.4,14.3,13.3,13.3,6.7,20.0,13.3,26.7,6.7,33.3,5.3,5.3,10.5,8.3,8.3,0.0,0.0
3567,53.8,15.4,7.7,7.1,6.2,31.2,16.7,8.3,7.1,14.3,6.7,0.0,0.0,0.0,0.0,0.0,0.0,0.0
3569,27.3,27.3,4.5,14.3,19.0,14.3,4.5,13.6,31.8,4.5,9.1,18.2,10.5,10.5,16.7,0.0,0.0,0.0
3572,44.4,33.3,5.6,20.0,20.0,35.0,30.4,8.7,21.7,4.3,13.0,26.1,5.3,15.8,10.5,22.2,33.3,0.0
3574,81.0,4.8,4.8,21.8,18.2,12.7,8.0,28.0,4.0,25.0,0.0,0.0,0.0,0.0,0.0,0.0,0.0,0.0
3578,25.0,25.0,6.2,12.5,12.5,18.8,29.4,11.8,10.5,10.5,10.5,23.5,23.5,0.0,0.0,0.0,0.0,0.0
3581,29.4,29.4,11.8,10.0,15.0,25.0,15.8,26.3,29.4,5.9,4.5,13.6,18.2,7.7,0.0,0.0,0.0,0.0
3582,50.0,33.3,4.2,15.6,24.4,11.1,15.6,31.1,24.4,20.0,10.0,10.0,0.0,0.0,0.0,0.0,0.0,0.0
3583,7.1,35.7,14.3,14.3,14.3,6.7,13.3,5.3,21.4,20.0,0.0,0.0,0.0,0.0,0.0,0.0,0.0,0.0
3584,25.0,31.2,4.2,25.0,16.7,5.0,10.0,20.0,18.8,18.8,31.2,13.0,13.0,8.7,36.4,0.0,0.0,0.0
3589,25.0,25.0,16.7,9.5,14.3,23.8,27.3,18.2,6.7,13.3,6.7,10.5,10.5,9.1,0.0,0.0,0.0,0.0
3596,35.7,21.4,21.4,11.1,11.1,38.9,16.7,11.1,18.2,18.2,10.5,15.4,0.0,0.0,0.0,0.0,0.0,0.0
3605,28.6,28.6,7.1,28.6,23.5,11.8,16.7,33.3,8.3,14.3,14.3,0.0,0.0,0.0,0.0,0.0,0.0,0.0
3606,51.9,25.9,7.4,26.3,26.3,15.8,15.8,15.8,21.1,21.1,26.3,5.3,15.8,15.8,9.5,0.0,0.0,0.0
3611,45.5,36.4,4.5,12.5,31.2,12.5,11.1,44.4,5.6,25.0,25.0,5.6,33.3,9.1,27.3,0.0,0.0,0.0
3612,51.4,34.3,2.9,13.9,33.3,25.0,13.3,16.7,30.0,18.8,25.0,21.9,15.8,15.8,0.0,0.0,0.0,0.0
3613,62.5,8.3,16.7,55.6,16.7,5.6,15.2,30.3,18.2,8.3,33.3,25.0,5.9,35.3,5.9,5.9,5.9,0.0
3614,36.8,26.3,10.5,25.0,20.0,19.0,9.5,19.0,5.9,23.5,11.8,15.0,5.0,5.9,0.0,0.0,0.0,0.0
3618,69.6,8.7,13.0,18.8,43.8,25.0,15.0,30.0,20.0,21.1,15.8,26.3,5.6,5.6,22.2,6.7,6.7,20.0
3620,46.7,20.0,6.7,4.8,33.3,9.5,5.9,23.5,5.0,30.0,15.0,12.5,12.5,11.1,0.0,0.0,0.0,0.0
3623,73.5,14.7,5.9,18.7,38.7,10.7,30.8,46.2,23.1,0.0,0.0,0.0,0.0,0.0,0.0,0.0,0.0,0.0
3627,40.0,40.0,12.0,4.0,32.0,20.0,7.1,28.6,25.0,12.5,18.8,25.0,7.7,15.4,23.1,0.0,0.0,0.0
3629,59.3,18.5,14.8,4.2,29.2,33.3,18.5,29.6,14.8,11.1,37.0,14.8,11.1,16.7,11.1,8.3,25.0,0.0
3631,37.5,37.5,8.3,8.3,33.3,18.2,9.1,21.4,8.3,8.3,0.0,0.0,0.0,0.0,0.0,0.0,0.0,0.0
3641,45.8,20.8,8.3,13.6,31.8,27.3,15.8,26.3,21.1,26.1,17.4,13.0,5.3,5.3,21.1,28.6,21.4,0.0
3647,6.7,26.7,20.0,5.9,29.4,6.2,25.0,6.2,13.3,6.7,11.1,5.6,22.2,7.1,7.1,0.0,0.0,0.0
3652,33.3,25.0,8.3,15.8,5.3,5.6,11.1,13.3,6.7,5.0,0.0,0.0,0.0,0.0,0.0,0.0,0.0,0.0
3653,35.7,21.4,5.9,11.8,23.5,13.3,6.7,7.7,15.4,23.1,7.7,7.7,6.2,0.0,0.0,0.0,0.0,0.0
3654,65.4,3.8,7.7,23.8,33.3,23.8,46.7,33.3,43.5,26.1,4.3,23.8,28.6,23.8,28.6,28.6,0.0,0.0
3655,64.3,17.9,10.7,33.3,33.3,21.7,26.1,21.7,12.0,28.0,5.3,10.5,15.8,15.4,0.0,0.0,0.0,0.0
3659,35.7,42.9,21.4,55.0,15.0,8.3,16.7,25.0,18.2,36.4,18.2,4.8,4.8,23.8,7.1,14.3,0.0,0.0
3660,21.4,14.3,21.4,11.1,16.7,5.9,17.6,6.7,6.7,6.2,5.9,0.0,0.0,0.0,0.0,0.0,0.0,0.0
3662,38.5,38.5,5.6,11.1,16.7,20.0,24.0,12.0,13.0,21.7,17.4,10.0,20.0,15.0,4.8,4.8,14.3,0.0
3680,33.3,8.3,8.3,4.2,16.7,25.0,13.3,6.7,26.7,29.4,29.4,11.8,7.1,21.4,0.0,0.0,0.0,0.0
3686,50.0,29.2,8.3,4.5,36.4,27.3,15.0,45.0,5.0,14.3,19.0,19.0,4.5,27.3,31.8,11.1,16.7,0.0
3687,40.0,20.0,20.0,13.8,10.3,9.1,18.2,22.7,4.0,8.0,28.0,100.0,0.0,0.0,0.0,0.0,0.0,0.0
3696,15.8,36.8,10.5,25.0,15.0,10.0,30.0,10.0,9.5,28.6,8.3,8.3,37.5,13.3,33.3,0.0,0.0,0.0
3714,44.4,11.1,11.1,22.2,5.6,11.1,15.0,10.0,5.0,6.7,6.7,26.7,4.5,5.3,10.5,0.0,0.0,0.0
3718,66.7,13.3,6.7,4.8,19.0,23.8,23.5,5.9,12.5,6.2,4.0,16.0,6.2,0.0,0.0,0.0,0.0,0.0
3719,53.6,25.0,14.3,28.6,28.6,19.0,47.1,35.3,12.0,28.0,36.0,5.3,36.8,36.8,12.0,32.0,0.0,0.0
3722,20.0,20.0,30.0,5.6,11.1,22.2,4.8,23.8,14.3,5.6,16.7,5.9,12.5,0.0,0.0,0.0,0.0,0.0
3737,61.5,26.9,3.8,7.1,21.4,42.9,29.4,23.5,29.4,5.9,41.2,17.6,7.1,42.9,7.1,8.3,25.0,33.3
3741,33.3,8.3,33.3,5.0,5.0,15.0,5.9,17.6,5.9,7.1,4.8,19.0,7.7,0.0,0.0,0.0,0.0,0.0
3743,51.5,21.2,12.1,18.5,18.5,11.1,19.4,22.6,19.4,25.0,17.9,25.0,12.5,12.5,25.0,0.0,0.0,0.0
3744,70.0,16.7,38.1,9.5,23.8,27.8,11.1,11.1,31.2,18.8,9.4,9.5,19.0,19.0,11.1,0.0,0.0,0.0
3748,15.0,20.0,15.0,4.5,18.2,22.7,31.6,10.5,15.8,15.8,29.2,7.1,7.1,0.0,0.0,0.0,0.0,0.0
3752,28.6,21.4,7.1,5.0,20.0,25.0,7.7,23.1,23.1,13.3,6.7,13.3,5.0,20.0,20.0,11.8,5.9,0.0
3757,53.8,7.7,23.1,8.7,39.1,17.4,17.6,29.4,8.7,8.7,21.7,16.7,11.1,12.5,0.0,0.0,0.0,0.0
3772,50.0,27.3,9.1,12.5,43.8,18.8,5.3,26.3,26.3,6.2,18.8,25.0,5.3,10.5,36.8,5.9,5.9,0.0
3775,16.7,44.4,22.2,8.7,8.7,17.4,12.0,20.0,12.0,8.3,8.3,5.0,10.0,4.2,8.3,0.0,0.0,0.0
3787,15.4,23.1,38.5,6.2,18.8,12.5,12.0,24.0,5.9,11.8,11.8,5.6,7.1,0.0,0.0,0.0,0.0,0.0
3793,46.7,20.0,6.7,13.3,6.7,26.7,6.7,26.7,13.3,5.9,35.3,11.8,5.6,5.6,6.2,25.0,0.0,0.0
3797,33.3,20.0,26.7,5.3,15.8,15.8,5.0,15.0,25.0,10.5,26.3,13.0,17.4,7.1,0.0,0.0,0.0,0.0
3804,16.7,16.7,16.7,21.1,10.5,21.1,5.6,16.7,7.7,30.8,15.4,5.3,5.3,10.5,15.4,0.0,0.0,0.0
3807,28.6,28.6,14.3,4.5,18.2,22.7,10.5,26.3,6.2,31.2,18.8,14.3,19.0,0.0,0.0,0.0,0.0,0.0
3811,58.1,25.8,6.5,7.7,42.3,26.9,15.0,25.0,15.0,11.1,33.3,27.8,6.7,26.7,10.0,5.0,10.0,0.0
3813,81.8,9.1,4.5,23.5,41.2,5.9,22.2,22.2,27.8,16.7,22.2,16.7,28.6,7.1,18.2,27.3,0.0,0.0
3814,31.6,26.3,5.3,8.7,30.4,26.1,31.6,10.5,12.5,12.5,18.8,14.8,7.7,0.0,0.0,0.0,0.0,0.0
3820,7.7,23.1,30.8,16.7,25.0,36.4,6.2,6.2,6.2,0.0,0.0,0.0,0.0,0.0,0.0,0.0,0.0,0.0
3822,70.0,15.0,5.0,15.4,34.6,11.5,23.8,33.3,4.8,23.8,19.0,38.1,10.3,27.6,34.5,33.3,6.7,6.7
3826,52.2,21.7,8.7,11.8,17.6,17.6,11.8,35.3,35.3,6.7,33.3,20.0,4.5,13.6,27.3,15.4,30.8,0.0
3831,35.3,23.5,5.9,26.7,13.3,26.7,7.1,35.7,14.3,5.9,11.8,17.6,12.5,6.2,7.1,0.0,0.0,0.0
3833,83.9,9.7,15.8,31.6,26.3,7.1,50.0,7.1,25.0,30.0,10.0,15.0,30.0,7.7,7.7,53.8,0.0,0.0
3834,35.7,21.4,7.1,11.8,23.5,5.9,7.1,14.3,21.4,46.7,15.8,15.8,15.4,7.7,0.0,0.0,0.0,0.0
3841,57.1,25.0,7.1,16.7,41.7,12.5,30.4,21.7,17.4,12.5,29.2,20.8,4.5,22.7,27.3,9.1,18.2,0.0
3848,50.0,22.7,13.6,30.0,20.0,25.0,18.8,31.2,10.0,20.0,20.0,22.2,5.6,22.2,3.6,3.6,32.1,0.0
3849,77.1,17.1,2.9,25.9,18.5,14.8,39.1,17.4,26.1,43.3,16.7,23.3,7.7,38.5,7.7,50.0,0.0,0.0
3853,45.5,36.4,4.5,4.3,39.1,21.7,16.0,20.0,8.0,6.2,6.2,25.0,8.3,12.5,6.2,0.0,0.0,0.0
3868,9.1,27.3,27.3,17.6,17.6,27.8,11.1,5.3,15.8,5.9,17.6,17.6,7.7,0.0,0.0,0.0,0.0,0.0
3880,31.6,21.1,15.8,3.8,23.1,19.2,8.3,16.7,8.3,25.0,33.3,14.8,7.4,11.1,0.0,0.0,0.0,0.0
3882,35.0,25.0,10.0,15.8,21.1,21.1,8.0,16.0,24.0,7.1,17.9,14.3,16.7,5.9,17.6,0.0,0.0,0.0
3885,35.0,25.0,25.0,14.3,14.3,28.6,16.7,22.2,5.6,11.1,22.2,16.7,9.5,19.0,18.8,0.0,0.0,0.0
3888,52.4,28.6,9.5,13.0,13.0,39.1,10.0,40.0,20.0,10.7,7.1,32.1,33.3,14.3,5.3,15.8,15.8,0.0
3911,27.3,31.8,18.2,14.3,38.1,14.3,15.8,31.6,15.8,12.0,24.0,12.0,8.3,8.3,8.3,11.1,5.6,16.7
3922,37.5,18.8,12.5,16.7,20.8,7.7,11.5,15.4,13.6,13.6,3.8,7.7,8.3,0.0,0.0,0.0,0.0,0.0
3931,41.2,23.5,11.8,6.7,26.7,20.0,23.1,30.8,12.5,25.0,25.0,12.5,25.0,6.2,6.2,31.2,0.0,0.0
3932,16.7,33.3,16.7,22.2,22.2,14.3,35.7,9.1,27.3,8.3,8.3,0.0,0.0,0.0,0.0,0.0,0.0,0.0
3934,12.5,18.8,25.0,15.4,38.5,23.1,9.5,23.8,14.3,10.0,25.0,20.0,5.0,15.0,40.0,7.1,0.0,0.0
3935,29.4,29.4,11.8,16.7,19.0,4.8,19.0,17.6,29.4,7.7,7.7,5.3,15.8,0.0,0.0,0.0,0.0,0.0
3941,88.9,2.8,2.8,17.4,43.5,21.7,10.5,47.4,26.3,29.2,12.5,29.2,9.1,22.7,36.4,11.1,27.8,0.0
3942,63.3,20.0,7.1,42.9,28.6,29.4,29.4,5.9,4.5,22.7,13.6,13.3,20.0,33.3,9.1,0.0,0.0,0.0
3952,56.8,29.7,8.1,33.3,33.3,19.0,22.2,44.4,16.7,21.1,21.1,15.8,21.7,17.4,26.1,11.5,23.1,34.6
3956,71.4,4.8,9.5,16.0,40.0,16.0,22.7,27.3,13.6,17.6,35.3,11.8,10.0,20.0,10.0,14.3,35.7,0.0
3957,35.3,17.6,17.6,5.0,5.0,25.0,8.3,20.8,16.7,20.0,20.0,15.0,11.5,19.2,13.3,0.0,0.0,0.0
3959,80.8,3.8,7.7,20.0,30.0,25.0,15.8,21.1,26.3,25.0,18.8,12.5,25.0,12.5,37.5,10.5,21.1,0.0
3960,70.3,16.2,30.4,34.8,8.7,18.2,50.0,13.6,21.9,28.1,21.9,19.2,19.2,19.2,36.4,18.2,9.1,0.0
3965,40.9,27.3,4.5,20.0,26.7,26.7,12.5,20.8,20.8,9.1,31.8,18.2,6.2,25.0,31.2,5.9,11.8,11.8
3966,61.3,25.8,9.7,20.8,29.2,12.5,23.1,15.4,38.5,25.9,22.2,18.5,13.6,13.6,22.7,8.7,13.0,34.8
3967,60.0,13.3,6.7,43.8,12.5,60.0,20.0,15.0,5.9,10.5,10.5,0.0,0.0,0.0,0.0,0.0,0.0,0.0
3968,50.0,40.0,5.0,5.0,35.0,25.0,25.0,12.5,25.0,10.5,21.1,21.1,4.8,23.8,7.7,23.1,15.4,0.0
3973,33.3,27.8,11.1,3.4,17.2,27.6,13.0,8.7,21.7,3.6,3.6,14.3,11.8,17.6,7.1,17.9,0.0,0.0
3978,81.5,7.4,22.7,22.7,27.3,20.8,29.2,16.7,13.0,17.4,21.7,7.4,22.2,22.2,10.0,20.0,0.0,0.0
3981,50.0,22.2,11.1,8.7,4.3,17.4,3.3,13.3,16.7,13.0,13.0,8.7,4.8,19.0,9.5,4.8,9.5,0.0
3982,46.2,38.5,15.4,25.0,12.5,12.5,4.8,19.0,14.3,17.6,11.8,11.8,5.0,20.0,16.7,16.7,0.0,0.0
3986,50.0,31.2,18.8,10.0,35.0,25.0,15.8,21.1,6.2,18.8,31.2,4.5,18.2,18.8,0.0,0.0,0.0,0.0
3989,16.7,16.7,16.7,20.0,20.0,11.1,33.3,10.5,21.1,11.1,11.1,16.7,0.0,0.0,0.0,0.0,0.0,0.0
3992,38.9,22.2,11.1,5.6,16.7,38.9,6.2,50.0,5.0,15.0,10.0,9.1,9.1,18.2,4.8,23.8,0.0,0.0
3994,20.0,26.7,13.3,25.0,37.5,25.0,15.4,38.5,6.7,13.3,40.0,5.3,10.5,0.0,0.0,0.0,0.0,0.0
3995,66.7,18.5,11.1,21.1,26.3,15.8,15.4,34.6,23.1,10.5,21.1,31.6,14.3,23.8,19.0,13.3,13.3,26.7
3998,25.0,37.5,6.2,26.3,15.8,6.2,12.5,25.0,16.7,33.3,4.8,23.8,11.8,0.0,0.0,0.0,0.0,0.0
4000,69.0,13.8,6.9,10.5,31.6,26.3,28.1,15.6,21.9,10.5,15.8,26.3,4.0,24.0,4.8,9.5,23.8,0.0
4002,63.0,25.9,7.4,23.8,28.6,38.1,11.8,23.5,29.4,8.7,34.8,26.1,19.0,23.8,19.0,42.9,0.0,0.0
4004,33.3,8.3,33.3,20.0,6.7,5.9,17.6,23.5,13.3,20.0,33.3,4.0,24.0,14.3,0.0,0.0,0.0,0.0
4007,57.1,7.1,12.5,18.8,6.2,23.8,9.5,23.8,5.0,25.0,10.0,8.3,16.7,20.8,7.1,0.0,0.0,0.0
4009,69.2,11.5,7.7,11.1,11.1,5.0,20.0,40.0,17.4,26.1,6.7,13.3,26.7,12.5,6.2,0.0,0.0,0.0
4010,9.1,18.2,9.1,5.6,16.7,11.1,6.2,12.5,6.2,18.8,5.0,5.0,10.0,27.3,0.0,0.0,0.0,0.0
4012,44.4,25.9,11.1,24.0,12.0,20.0,28.0,16.0,28.0,16.7,30.0,16.7,8.7,26.1,13.0,12.5,0.0,0.0
4013,78.1,12.5,3.1,22.7,50.0,4.5,6.7,46.7,26.7,17.9,14.3,21.4,37.5,12.5,31.2,3.6,39.3,17.9
4015,47.8,17.4,17.4,25.0,15.0,20.0,12.5,25.0,31.2,6.2,37.5,18.8,15.4,15.4,5.0,35.0,0.0,0.0
4016,6.7,60.0,20.0,5.9,11.8,17.6,18.8,25.0,23.5,23.5,16.7,22.2,0.0,0.0,0.0,0.0,0.0,0.0
4017,73.7,15.8,5.9,35.3,5.9,21.1,15.8,5.3,14.3,14.3,14.3,6.7,20.0,5.6,11.1,27.8,0.0,0.0
4020,16.7,16.7,16.7,5.3,21.1,5.3,11.1,22.2,14.3,14.3,14.3,6.2,25.0,0.0,0.0,0.0,0.0,0.0
4024,70.0,13.3,3.3,8.0,36.0,20.0,25.0,30.0,10.0,14.3,9.5,9.5,21.4,10.7,17.9,13.3,33.3,0.0
4030,41.2,29.4,17.6,15.0,30.0,30.0,20.0,13.3,10.5,15.8,21.1,4.2,16.7,29.2,7.7,23.1,0.0,0.0
4031,38.9,22.2,5.6,9.1,13.6,31.8,4.0,24.0,20.0,5.9,11.8,23.5,4.8,4.8,19.0,10.0,20.0,0.0
4042,56.0,20.0,4.0,25.0,12.5,12.5,28.6,28.6,19.0,9.5,19.0,28.6,5.0,20.0,10.0,4.8,19.0,0.0
4044,64.5,16.1,6.5,29.4,29.4,29.4,21.1,26.3,10.5,30.4,26.1,13.0,13.6,18.2,4.5,6.2,43.8,0.0
4047,71.4,7.1,7.1,10.5,36.8,21.4,4.5,4.5,9.1,5.3,21.1,0.0,0.0,0.0,0.0,0.0,0.0,0.0
4051,67.6,14.7,11.8,22.2,16.7,38.9,26.3,36.8,31.6,16.0,12.0,24.0,4.5,22.7,36.4,15.4,7.7,23.1
4052,79.2,12.5,4.2,19.0,33.3,4.8,33.3,5.6,22.2,15.8,26.3,15.8,26.3,5.6,5.6,27.8,0.0,0.0
4053,60.9,8.7,4.3,26.3,36.8,15.8,18.2,9.1,36.4,17.6,5.9,17.6,4.8,23.8,14.3,11.8,23.5,0.0
4054,46.2,23.1,7.7,7.7,15.4,6.2,6.2,31.2,16.7,5.6,17.6,11.1,5.6,5.6,0.0,0.0,0.0,0.0
4055,64.5,25.8,20.0,36.0,24.0,26.1,34.8,4.3,15.4,30.8,26.9,9.1,18.2,36.4,6.2,6.2,12.5,0.0
4058,36.0,28.0,20.0,8.7,39.1,34.8,16.7,20.8,12.5,20.8,29.2,4.8,23.8,28.6,8.7,21.7,0.0,0.0
4061,80.6,9.7,6.5,10.5,31.6,26.3,22.7,22.7,18.2,23.5,23.5,17.6,15.0,25.0,15.0,12.0,8.0,28.0
4062,50.0,16.7,11.1,20.0,5.0,6.2,6.2,6.2,8.7,4.3,13.0,4.5,13.6,11.8,0.0,0.0,0.0,0.0
4063,69.2,15.4,7.7,7.1,21.4,39.3,20.0,36.0,16.0,13.0,21.7,30.4,9.1,13.6,31.8,11.8,11.8,0.0
4064,78.4,8.1,5.4,23.8,47.6,23.8,21.4,42.9,17.9,36.8,21.1,15.8,5.3,21.1,36.8,14.3,28.6,0.0
4068,50.0,18.8,6.2,9.1,9.1,40.9,5.0,30.0,10.0,5.0,10.0,20.0,5.0,5.0,10.0,5.6,11.1,11.1
4072,66.7,11.1,8.3,36.8,42.1,10.5,23.8,28.6,14.3,21.7,30.4,17.4,44.8,6.9,8.3,16.7,0.0,0.0
4074,72.7,12.1,24.0,20.0,24.0,14.8,29.6,33.3,30.4,30.4,21.7,18.5,22.2,33.3,21.1,36.8,0.0,0.0
4075,63.3,30.0,35.0,15.0,10.0,19.0,19.0,9.5,12.5,25.0,16.7,16.7,8.3,20.8,5.3,10.5,5.3,0.0
4079,63.2,15.8,5.3,25.0,25.0,25.0,24.0,32.0,20.0,16.7,22.2,38.9,4.5,18.2,18.2,25.0,0.0,0.0
4083,57.9,31.6,31.6,47.4,5.3,58.3,25.0,5.3,42.1,15.8,5.0,25.0,25.0,14.3,21.4,0.0,0.0,0.0
4092,53.3,13.3,20.0,40.0,16.7,16.7,29.2,11.8,11.8,41.2,10.0,5.0,20.0,7.1,21.4,0.0,0.0,0.0
4096,70.8,12.5,12.5,22.2,38.9,11.1,14.3,28.6,19.0,20.8,16.7,16.7,12.5,31.2,18.8,25.0,41.7,0.0
4097,20.0,26.7,14.3,7.1,5.3,21.1,26.3,14.3,4.5,9.1,13.6,8.3,0.0,0.0,0.0,0.0,0.0,0.0
4100,61.1,5.6,11.1,17.6,23.5,17.6,5.9,17.6,17.6,11.1,18.5,22.2,5.0,30.0,16.7,0.0,0.0,0.0
4104,46.2,15.4,7.7,5.6,22.2,11.1,5.9,35.3,11.8,16.7,11.1,16.7,9.5,14.3,7.1,0.0,0.0,0.0
4105,37.9,20.7,10.3,8.3,41.7,16.7,12.5,15.6,25.0,5.3,31.6,5.3,14.3,10.7,7.1,6.7,26.7,0.0
4106,25.0,8.3,8.3,10.5,10.5,21.1,6.7,8.0,4.0,4.0,7.1,14.3,12.5,0.0,0.0,0.0,0.0,0.0
4108,66.7,11.1,5.6,21.1,15.8,26.3,11.8,17.6,11.8,10.0,10.0,15.0,16.0,20.0,0.0,0.0,0.0,0.0
4110,35.7,21.4,13.3,20.0,13.3,11.1,5.6,27.8,5.9,17.6,11.8,11.8,23.5,17.6,0.0,0.0,0.0,0.0
4111,50.0,21.4,18.2,18.2,22.7,16.0,8.0,24.0,6.2,12.5,18.8,14.3,9.5,10.0,0.0,0.0,0.0,0.0
4112,37.5,43.8,12.5,7.1,28.6,28.6,5.6,27.8,22.2,6.7,26.7,26.7,15.0,20.0,6.2,25.0,0.0,0.0
4116,18.2,13.6,22.7,19.0,33.3,4.8,17.4,34.8,13.0,9.7,25.8,12.9,5.0,10.0,20.0,5.3,21.1,0.0
4121,68.2,13.6,4.5,32.0,24.0,28.0,5.9,35.3,23.5,29.4,29.4,4.3,13.0,47.8,5.0,5.0,30.0,0.0
4122,51.9,33.3,14.8,14.3,38.1,19.0,17.4,56.5,4.3,19.2,11.5,23.1,5.3,26.3,15.8,10.5,0.0,0.0
4128,18.2,18.2,27.3,7.7,30.8,23.1,9.1,18.2,7.7,30.8,15.4,7.7,15.4,8.3,0.0,0.0,0.0,0.0
4129,11.1,22.2,22.2,25.0,33.3,8.3,7.1,21.4,7.7,15.4,6.2,25.0,0.0,0.0,0.0,0.0,0.0,0.0
4134,63.3,23.3,3.3,4.5,31.8,27.3,16.0,36.0,20.0,10.0,20.0,15.0,4.3,4.3,26.1,4.5,9.1,22.7
4137,71.9,12.5,6.2,20.0,30.0,23.3,18.2,31.8,9.1,31.8,22.7,36.4,7.4,18.5,25.9,5.6,11.1,33.3
4138,38.5,15.4,15.4,33.3,13.3,25.0,12.5,13.3,6.7,33.3,15.4,15.4,23.1,0.0,0.0,0.0,0.0,0.0
4140,72.7,9.1,4.5,11.8,11.8,23.5,20.0,25.0,35.0,10.5,26.3,31.6,8.3,25.0,25.0,8.3,41.7,0.0
4144,60.0,20.0,15.0,12.5,18.8,25.0,6.2,25.0,18.8,23.1,30.8,15.4,5.9,35.3,17.6,17.6,29.4,0.0
4151,50.0,7.1,17.9,12.5,37.5,25.0,7.4,40.7,14.8,3.3,6.7,36.7,20.0,0.0,0.0,0.0,0.0,0.0
4154,52.2,21.7,17.4,20.8,33.3,16.7,17.9,7.1,14.3,11.1,16.7,27.8,9.1,13.6,36.4,5.3,0.0,0.0
4155,50.0,35.0,5.0,25.0,30.0,20.0,31.8,27.3,22.7,5.9,35.3,17.6,20.0,20.0,5.0,6.7,13.3,20.0
4161,52.2,21.7,16.7,22.2,27.8,27.8,5.6,27.8,15.4,7.7,15.4,5.3,21.1,7.1,14.3,28.6,0.0,0.0
4163,64.3,17.9,3.6,13.0,26.1,34.8,13.3,26.7,20.0,14.7,20.6,23.5,27.3,22.7,6.2,0.0,0.0,0.0
4166,78.4,10.8,2.7,33.3,22.2,27.8,9.5,42.9,14.3,10.0,40.0,30.0,21.7,13.0,13.0,4.5,45.5,0.0
4167,21.4,21.4,28.6,11.1,22.2,16.7,5.9,35.3,11.8,5.9,11.8,9.5,23.8,9.5,0.0,0.0,0.0,0.0
4172,64.5,22.6,3.2,9.1,27.3,18.2,14.3,33.3,14.3,5.0,20.0,25.0,21.7,21.7,31.6,36.8,0.0,0.0
4173,56.2,12.5,12.5,8.3,41.7,16.7,9.5,19.0,19.0,5.0,20.0,15.0,4.2,16.7,16.7,26.7,6.7,0.0
4174,75.0,7.1,7.1,16.7,16.7,38.9,25.0,29.2,20.8,8.3,8.3,33.3,20.0,30.0,0.0,0.0,0.0,0.0
4177,36.4,36.4,7.7,18.2,27.3,18.2,5.9,17.6,29.4,30.8,7.7,15.4,0.0,0.0,0.0,0.0,0.0,0.0
4181,33.3,20.0,13.3,5.3,21.1,21.1,4.5,31.8,22.7,5.0,10.0,15.0,4.5,0.0,0.0,0.0,0.0,0.0
4182,18.8,12.5,37.5,5.9,29.4,17.6,7.1,21.4,28.6,6.2,12.5,18.8,22.2,11.8,0.0,0.0,0.0,0.0
4184,58.8,23.5,11.8,23.5,35.3,5.9,35.7,14.3,14.3,11.1,22.2,33.3,30.0,10.0,40.0,5.9,5.9,23.5
4188,85.3,5.9,5.9,13.6,40.9,9.1,34.8,26.1,21.7,26.3,26.3,15.8,27.3,27.3,18.2,25.0,12.5,25.0
4195,25.0,25.0,20.0,6.2,25.0,12.5,7.1,7.1,35.7,5.3,5.3,15.8,6.2,12.5,14.3,4.8,0.0,0.0
4196,43.8,12.5,18.8,12.0,24.0,4.0,5.3,42.1,5.3,23.5,23.5,11.8,5.0,5.0,10.0,5.3,15.8,0.0
4200,27.8,27.8,5.0,10.0,30.0,4.8,4.8,23.8,9.5,23.8,4.3,4.3,17.4,11.8,11.8,0.0,0.0,0.0
4202,31.6,26.3,10.5,15.8,21.1,26.3,3.8,19.2,15.4,13.6,9.1,18.2,5.3,15.8,0.0,0.0,0.0,0.0
4203,50.0,8.3,6.7,20.0,8.3,8.3,16.7,8.3,16.7,8.3,11.1,11.1,0.0,0.0,0.0,0.0,0.0,0.0
4204,41.2,23.5,11.8,19.0,14.3,42.9,9.5,14.3,19.0,20.0,15.0,5.0,10.0,15.0,17.6,0.0,0.0,0.0
4205,88.0,4.0,4.0,26.1,17.4,17.4,19.0,42.9,9.5,9.5,23.8,9.5,5.0,25.0,25.0,7.1,7.1,21.4
4209,27.3,22.7,18.2,15.8,21.1,26.3,16.7,29.2,8.3,5.6,16.7,33.3,5.0,10.0,15.0,5.9,17.6,0.0
4210,34.6,30.8,11.5,13.6,27.3,27.3,9.5,14.3,23.8,3.6,17.9,25.0,5.9,23.5,17.6,12.5,25.0,0.0
4218,77.8,11.1,8.3,9.1,18.2,27.3,25.8,38.7,12.9,7.7,30.8,26.9,8.6,31.4,17.1,0.0,0.0,0.0
4219,21.4,21.4,14.3,8.7,30.4,26.1,17.4,9.5,14.3,11.5,7.7,7.7,6.2,0.0,0.0,0.0,0.0,0.0
4225,45.8,25.0,12.5,25.0,37.5,18.8,7.1,28.6,28.6,6.2,18.8,25.0,27.3,36.4,5.6,22.2,16.7,0.0
4228,57.1,21.4,3.6,15.8,15.8,26.3,21.7,26.1,13.0,4.5,13.6,22.7,4.8,28.6,5.9,5.9,23.5,0.0
4230,81.8,12.1,3.0,9.5,28.6,4.8,21.4,21.4,7.1,27.8,11.1,22.2,18.5,18.5,14.8,9.5,14.3,23.8
4231,56.2,18.8,6.2,19.0,33.3,14.3,13.6,18.2,13.6,21.7,13.0,34.8,18.2,18.2,4.5,7.1,35.7,0.0
4234,40.0,26.7,20.0,6.2,18.8,18.8,9.1,18.2,27.3,7.1,6.2,12.5,5.9,0.0,0.0,0.0,0.0,0.0
4237,63.3,16.7,10.0,21.7,26.1,21.7,13.6,22.7,27.3,29.6,22.2,18.5,4.5,18.2,22.7,44.4,0.0,0.0
4245,40.0,26.7,13.3,14.8,22.2,7.4,9.5,19.0,19.0,10.0,20.0,15.0,4.0,20.0,5.9,11.8,0.0,0.0
4248,54.5,18.2,5.3,31.6,8.3,8.3,20.8,5.6,11.1,16.7,8.3,25.0,12.5,12.5,0.0,0.0,0.0,0.0
4254,73.1,15.4,3.8,35.0,20.0,20.0,3.6,25.0,25.0,8.3,12.5,33.3,5.6,27.8,11.1,16.7,0.0,0.0
4258,57.9,31.6,4.3,17.4,21.7,5.6,16.7,22.2,8.3,25.0,20.8,13.3,13.3,13.3,4.8,19.0,0.0,0.0
4259,75.0,25.0,8.3,33.3,8.3,5.9,41.2,23.5,6.7,13.3,6.7,8.3,25.0,16.7,5.9,5.9,5.9,0.0
4261,75.0,14.3,3.6,17.4,26.1,34.8,20.0,25.0,20.0,14.3,23.8,33.3,23.8,23.8,4.3,8.7,8.7,0.0
4263,68.8,12.5,6.2,33.3,13.3,26.7,18.2,22.7,13.6,9.1,18.2,13.6,33.3,22.2,14.3,0.0,0.0,0.0
4266,67.7,22.6,3.2,31.6,21.1,10.5,28.0,36.0,20.0,5.9,35.3,11.8,15.8,21.1,15.8,7.1,21.4,0.0
4268,10.0,30.0,10.0,17.6,11.8,21.1,15.8,6.2,6.2,12.5,4.8,4.8,14.3,7.1,0.0,0.0,0.0,0.0
4269,76.9,10.3,10.3,4.8,38.1,23.8,8.0,48.0,24.0,37.5,12.5,16.7,15.8,26.3,5.3,36.4,0.0,0.0
4274,64.7,5.9,5.9,26.7,20.0,14.3,14.3,13.3,40.0,12.5,25.0,6.7,0.0,0.0,0.0,0.0,0.0,0.0
4275,28.6,28.6,33.3,9.1,9.1,33.3,16.7,0.0,0.0,0.0,0.0,0.0,0.0,0.0,0.0,0.0,0.0,0.0
4278,71.4,17.1,16.7,33.3,41.7,39.1,13.0,34.8,18.2,27.3,31.8,8.0,12.0,20.0,6.2,25.0,18.8,0.0
4290,75.0,8.3,4.2,25.0,15.0,10.0,6.7,26.7,20.0,6.7,6.7,40.0,13.0,8.7,26.1,23.1,23.1,0.0
4294,65.2,13.0,17.4,9.1,45.5,18.2,17.6,52.9,5.9,31.6,36.8,10.5,13.6,13.6,13.6,12.5,25.0,31.2
4298,56.5,17.4,21.7,39.1,21.7,23.5,17.6,35.3,19.0,23.8,28.6,10.0,20.0,25.0,11.8,41.2,0.0,0.0
4302,56.7,10.0,3.3,10.3,37.9,13.8,3.3,33.3,43.3,11.8,26.5,17.6,4.5,27.3,13.6,0.0,0.0,0.0
4315,50.0,6.2,6.2,6.2,25.0,7.7,46.2,10.0,10.0,30.0,18.8,37.5,11.8,0.0,0.0,0.0,0.0,0.0
4318,29.2,25.0,8.3,33.3,16.7,16.7,33.3,11.1,15.4,30.8,8.3,8.3,4.8,4.8,33.3,0.0,0.0,0.0
4324,71.1,10.5,13.2,26.5,41.2,5.9,28.1,25.0,15.6,14.8,22.2,14.8,14.8,29.6,18.5,14.3,14.3,0.0
4329,27.8,33.3,10.0,15.0,10.0,4.8,19.0,12.5,25.0,9.1,9.1,0.0,0.0,0.0,0.0,0.0,0.0,0.0
4330,65.0,10.0,10.0,31.2,12.5,18.8,22.2,38.9,16.7,20.0,20.0,30.0,14.3,14.3,25.0,0.0,0.0,0.0
4332,25.0,16.7,25.0,6.7,13.3,13.3,30.8,20.0,26.7,7.1,28.6,7.7,7.7,0.0,0.0,0.0,0.0,0.0
4336,63.0,14.8,7.4,9.1,36.4,22.7,3.8,19.2,26.9,4.3,26.1,17.4,3.2,3.2,19.4,25.0,0.0,0.0
4337,75.0,18.8,3.1,4.5,27.3,18.2,8.7,43.5,8.7,13.0,39.1,8.7,16.1,19.4,16.1,5.6,16.7,16.7
4343,8.3,8.3,13.6,13.6,5.0,15.0,15.0,6.7,20.0,6.9,24.1,0.0,0.0,0.0,0.0,0.0,0.0,0.0
4345,57.1,14.3,4.8,6.2,12.5,50.0,23.5,17.6,23.5,11.8,23.5,17.6,7.1,35.7,6.7,13.3,0.0,0.0
4346,36.4,27.3,9.1,9.1,22.7,18.2,11.8,29.4,11.8,6.2,18.8,6.2,9.1,4.5,14.3,0.0,0.0,0.0
4350,74.1,7.4,11.1,18.8,18.8,25.0,21.4,28.6,10.7,10.7,32.1,14.3,5.3,21.1,15.8,6.2,12.5,6.2
4355,50.0,8.3,15.0,5.0,12.5,18.8,23.5,11.8,9.5,13.3,0.0,0.0,0.0,0.0,0.0,0.0,0.0,0.0
4358,37.5,18.8,6.2,12.5,29.2,8.3,15.0,20.0,15.0,5.9,5.9,9.1,22.7,8.3,8.3,0.0,0.0,0.0
4359,46.7,40.0,13.3,5.6,27.8,33.3,30.8,15.4,30.8,21.4,21.4,5.6,11.1,11.1,5.3,10.5,15.8,0.0
4360,50.0,7.7,11.5,12.5,20.8,16.7,23.1,15.4,19.2,3.7,7.4,11.1,15.0,25.0,23.1,0.0,0.0,0.0
4361,93.3,3.3,3.3,27.3,31.8,22.7,18.2,22.7,22.7,30.4,34.8,17.4,18.8,25.0,18.8,13.3,26.7,0.0
4365,47.8,34.8,8.7,12.5,25.0,29.2,10.5,15.8,26.3,14.3,23.8,14.3,13.0,17.4,6.7,13.3,0.0,0.0
4368,46.2,23.1,23.1,5.0,20.0,15.0,4.5,13.6,9.1,9.1,13.6,15.8,31.6,18.8,0.0,0.0,0.0,0.0
4374,52.9,5.9,23.5,22.7,4.5,31.8,4.3,4.3,13.0,4.8,19.0,14.3,10.0,20.0,6.2,37.5,0.0,0.0
4375,62.5,12.5,12.5,15.0,20.0,10.0,20.0,32.0,16.0,22.7,9.1,18.2,9.5,14.3,14.3,5.3,21.1,0.0
4376,65.2,13.0,12.5,20.8,20.8,8.7,34.8,21.7,12.0,24.0,28.0,5.0,15.0,15.0,14.3,4.8,0.0,0.0
4381,48.1,14.8,18.5,23.8,33.3,9.5,41.2,23.5,5.9,15.8,5.3,36.8,17.4,30.4,6.2,6.2,0.0,0.0
4383,50.0,27.3,13.6,9.1,36.4,22.7,15.8,42.1,10.5,19.0,14.3,14.3,14.3,8.3,16.7,0.0,0.0,0.0
4387,71.0,16.1,12.9,23.5,41.2,17.6,27.8,16.7,38.9,12.5,33.3,16.7,14.3,7.1,42.9,5.9,5.9,17.6
4388,61.9,14.3,4.8,13.0,26.1,26.1,15.0,40.0,10.0,47.4,5.3,10.5,26.3,10.5,5.6,11.1,22.2,0.0
4391,61.8,20.6,5.9,37.5,12.5,25.0,34.8,13.0,8.7,17.4,21.7,26.1,4.3,30.4,26.1,4.8,14.3,19.0
4393,50.0,7.1,28.6,8.7,13.0,21.7,4.8,19.0,14.3,4.8,4.8,28.6,5.3,5.3,21.1,18.8,0.0,0.0
4394,64.3,7.1,14.3,11.8,17.6,52.9,23.1,23.1,23.1,22.2,38.9,13.3,20.0,50.0,0.0,0.0,0.0,0.0
4395,40.0,10.0,10.0,13.3,20.0,11.1,11.1,10.0,5.0,35.0,6.7,6.7,20.0,16.7,16.7,0.0,0.0,0.0
4397,74.3,8.6,8.6,19.2,30.8,26.9,14.8,44.4,14.8,14.3,28.6,23.8,13.0,21.7,26.1,11.8,11.8,11.8
4398,61.3,22.6,3.2,41.7,20.8,4.2,31.2,31.2,18.8,17.4,26.1,17.4,12.0,16.0,40.0,23.1,23.1,0.0
4402,66.7,20.8,5.6,27.8,16.7,25.0,37.5,25.0,25.0,25.0,6.2,13.3,26.7,18.2,0.0,0.0,0.0,0.0
4404,28.6,14.3,28.6,4.8,23.8,9.5,5.3,26.3,21.1,12.0,8.0,8.0,5.6,5.6,16.7,5.6,0.0,0.0
4406,38.5,46.2,5.3,26.3,10.5,10.5,15.8,5.3,6.2,6.2,6.2,3.8,7.7,26.9,5.6,11.1,0.0,0.0
4407,54.5,31.8,9.1,3.8,26.9,11.5,7.4,25.9,11.1,7.7,19.2,34.6,13.0,13.0,20.0,0.0,0.0,0.0
4409,77.8,11.1,28.6,38.1,9.5,8.0,28.0,8.0,13.0,30.4,26.1,13.6,22.7,9.1,9.5,14.3,19.0,0.0
4418,77.1,5.7,5.7,31.6,21.1,31.6,36.4,27.3,13.6,21.1,36.8,21.1,15.0,30.0,20.0,8.7,13.0,34.8
4419,30.8,23.1,7.7,18.8,31.2,12.5,7.1,14.3,35.7,13.3,26.7,20.0,8.3,16.7,7.7,23.1,0.0,0.0
4420,59.3,14.8,22.2,12.5,25.0,29.2,19.0,28.6,19.0,11.1,11.1,22.2,16.7,20.8,8.3,9.5,4.8,0.0
4421,9.1,36.4,9.1,27.3,6.2,25.0,31.2,11.8,5.9,4.8,4.8,4.8,0.0,0.0,0.0,0.0,0.0,0.0
4423,62.5,25.0,13.0,26.1,21.7,4.0,16.0,24.0,26.1,8.7,13.0,13.0,17.4,5.3,10.5,15.8,0.0,0.0
4427,88.0,8.0,16.7,33.3,11.1,44.4,16.7,16.7,27.3,31.8,13.6,11.8,23.5,29.4,5.9,11.8,23.5,0.0
4428,66.7,11.1,11.1,21.7,26.1,4.3,23.8,28.6,19.0,17.6,23.5,23.5,8.7,13.0,30.4,5.0,15.0,20.0
4431,50.0,18.8,20.0,13.3,26.7,6.2,25.0,6.2,5.3,15.8,31.6,6.7,13.3,26.7,7.1,0.0,0.0,0.0
4437,87.5,4.2,4.2,16.7,55.6,27.8,22.2,11.1,10.0,25.0,25.0,23.8,28.6,6.2,6.2,0.0,0.0,0.0
4438,50.0,11.1,11.1,22.2,16.7,11.8,35.3,11.8,33.3,28.6,19.0,11.1,16.7,11.1,8.3,16.7,16.7,0.0
4439,10.0,40.0,23.5,11.8,30.8,6.7,20.0,6.7,12.5,0.0,0.0,0.0,0.0,0.0,0.0,0.0,0.0,0.0
4440,43.8,12.5,25.0,6.7,20.0,14.3,28.6,4.3,8.7,8.7,5.3,10.5,10.5,0.0,0.0,0.0,0.0,0.0
4441,73.1,15.4,7.7,16.7,29.2,29.2,18.8,18.8,12.5,9.5,33.3,19.0,10.0,15.0,15.0,15.0,0.0,0.0
4444,73.9,17.4,4.3,5.0,35.0,20.0,9.5,23.8,19.0,22.2,16.7,38.9,21.7,26.1,13.0,7.7,7.7,38.5
4446,75.0,10.7,3.6,20.0,40.0,16.0,14.3,38.1,14.3,13.0,26.1,26.1,4.5,13.6,40.9,10.5,10.5,0.0
4449,26.7,20.0,13.3,5.3,21.1,13.0,4.3,8.7,4.2,20.8,29.2,4.8,14.3,6.2,0.0,0.0,0.0,0.0
4451,65.7,20.0,5.7,15.0,30.0,35.0,19.0,9.5,28.6,19.0,19.0,28.6,5.0,25.0,30.0,12.5,25.0,0.0
4452,52.0,28.0,4.0,18.2,27.3,18.2,8.0,28.0,28.0,4.5,22.7,36.4,5.0,15.0,25.0,4.5,18.2,0.0
4459,69.2,23.1,3.8,8.3,37.5,8.3,9.5,38.1,28.6,12.0,36.0,20.0,16.7,29.2,10.0,25.0,0.0,0.0
4460,63.6,18.2,13.3,46.7,16.7,7.7,30.8,26.9,16.7,16.7,16.7,7.1,7.1,21.4,11.1,27.8,0.0,0.0
4467,36.8,31.6,15.8,16.0,32.0,24.0,16.7,33.3,16.7,29.2,25.0,12.5,11.1,14.8,22.2,14.3,21.4,0.0
4468,82.8,10.3,3.4,38.1,23.8,19.0,19.0,52.4,9.5,29.4,35.3,11.8,23.5,17.6,17.6,15.4,15.4,0.0
4469,60.0,20.0,10.0,17.6,11.8,29.4,10.5,15.8,15.8,8.3,12.5,12.5,16.7,22.2,27.8,5.9,23.5,0.0
4471,76.5,11.8,33.3,28.6,23.8,18.2,40.9,18.2,15.0,35.0,30.0,4.3,21.7,34.8,16.7,22.2,38.9,0.0
4477,67.9,10.7,10.7,15.8,15.8,36.8,15.8,36.8,21.1,20.0,40.0,20.0,11.1,16.7,5.6,23.8,23.8,0.0
4478,46.2,23.1,7.7,13.0,39.1,21.7,15.0,5.0,25.0,17.6,17.6,23.5,15.4,7.7,11.5,16.7,11.1,0.0
4483,75.8,15.2,6.1,26.1,21.7,8.7,42.9,19.0,4.8,40.0,20.0,6.7,3.7,33.3,25.9,8.7,17.4,17.4
4484,23.1,30.8,15.0,10.0,25.0,13.0,30.4,8.7,26.7,20.0,5.0,10.0,30.0,16.7,8.3,0.0,0.0,0.0
4488,68.4,26.3,5.3,29.4,23.5,23.5,33.3,27.8,16.7,7.1,21.4,42.9,15.4,15.4,15.4,15.8,10.5,0.0
4491,50.0,18.8,6.2,6.7,20.0,26.7,5.3,10.5,26.3,7.1,21.4,12.5,6.2,6.2,5.0,5.0,0.0,0.0
4497,52.4,14.3,14.3,17.6,41.2,5.9,28.6,14.3,21.4,11.1,16.7,44.4,20.0,13.3,13.3,38.5,0.0,0.0
4501,58.3,20.8,8.3,20.8,25.0,16.7,10.0,30.0,35.0,11.5,30.8,23.1,12.5,8.3,20.8,5.6,5.6,11.1
4502,78.1,6.2,3.1,22.2,27.8,16.7,22.2,33.3,16.7,10.5,31.6,31.6,11.1,22.2,33.3,11.1,11.1,22.2
4503,83.8,13.5,2.7,18.2,40.9,4.5,34.8,26.1,13.0,16.0,12.0,40.0,10.0,20.0,20.0,9.5,19.0,14.3
4504,73.3,6.7,6.7,10.7,21.4,28.6,10.3,31.0,17.2,10.7,28.6,17.9,5.0,30.0,15.0,5.3,15.8,42.1
4506,56.0,16.0,4.0,18.2,36.4,13.6,19.2,15.4,19.2,13.0,21.7,13.0,4.3,13.0,30.4,13.6,22.7,0.0
4511,40.0,26.7,6.7,23.5,23.5,8.7,21.7,13.0,15.0,10.0,10.5,21.1,0.0,0.0,0.0,0.0,0.0,0.0
4512,82.4,5.9,2.9,20.0,48.0,8.0,39.1,34.8,8.7,11.5,23.1,34.6,15.4,30.8,4.2,4.2,50.0,0.0
4514,65.7,14.3,2.9,34.6,30.8,11.5,33.3,11.1,18.5,3.8,26.9,26.9,4.5,31.8,27.3,11.1,11.1,33.3
4515,65.4,23.1,7.7,18.2,27.3,22.7,23.3,20.0,23.3,37.5,18.8,5.6,11.1,16.7,3.8,11.5,0.0,0.0
4520,38.5,7.7,23.1,18.8,25.0,25.0,6.7,26.7,33.3,5.0,5.0,25.0,6.7,26.7,14.3,0.0,0.0,0.0
4521,56.2,25.0,26.3,21.1,21.1,31.2,12.5,43.8,14.3,21.4,35.7,9.5,28.6,28.6,5.6,22.2,16.7,0.0
4522,76.9,7.7,7.7,29.4,41.2,11.8,12.5,37.5,20.8,12.5,31.2,12.5,18.8,18.8,21.4,14.3,0.0,0.0
4524,83.9,9.7,21.7,30.4,13.0,4.0,48.0,24.0,20.0,28.0,24.0,16.7,37.5,35.7,0.0,0.0,0.0,0.0
4528,84.4,6.2,9.4,31.8,31.8,4.5,40.0,10.0,20.0,20.0,20.0,36.0,8.7,13.0,13.0,10.0,10.0,20.0
4531,65.4,19.2,3.8,18.2,27.3,27.3,14.3,42.9,9.5,11.1,16.7,27.8,12.5,16.7,33.3,10.5,21.1,0.0
4532,68.0,16.0,8.0,10.5,47.4,31.6,40.0,20.0,13.3,25.0,25.0,25.0,17.6,29.4,11.8,7.7,7.7,15.4
4533,66.7,11.1,11.1,11.1,22.2,14.3,14.3,25.0,25.0,12.5,22.2,11.1,11.1,13.6,0.0,0.0,0.0,0.0
4534,33.3,33.3,9.1,9.1,36.4,6.7,26.7,27.3,8.3,9.1,9.1,0.0,0.0,0.0,0.0,0.0,0.0,0.0
4535,71.4,14.3,4.8,6.2,37.5,18.8,20.0,53.3,6.7,16.7,33.3,33.3,23.5,17.6,29.4,9.1,27.3,22.7
4539,52.0,24.0,16.0,33.3,40.0,13.3,22.7,31.8,18.2,23.8,28.6,14.3,20.0,6.7,10.5,5.3,15.8,0.0
4540,55.0,15.0,5.0,11.1,33.3,22.2,13.0,8.7,26.1,29.4,5.9,17.6,4.8,19.0,14.3,6.7,20.0,0.0
4543,64.9,21.6,5.4,29.2,8.3,33.3,16.7,29.2,16.7,6.9,20.7,37.9,19.0,23.8,14.3,23.5,29.4,0.0
4544,80.0,11.1,4.4,36.4,31.8,18.2,31.8,31.8,13.6,39.1,30.4,13.0,40.0,30.0,10.0,5.9,29.4,11.8
4545,82.6,4.3,6.2,31.2,31.2,35.7,35.7,14.3,21.4,14.3,18.2,18.2,27.3,8.0,12.0,32.0,0.0,0.0
4547,62.1,13.8,10.3,18.2,27.3,13.6,25.0,18.8,18.8,22.7,31.8,4.5,9.1,31.8,27.3,25.0,5.0,0.0
4550,57.9,15.8,5.3,16.7,16.7,33.3,4.5,27.3,22.7,13.3,13.3,13.3,11.8,23.5,27.3,0.0,0.0,0.0
4552,50.0,27.8,11.1,5.6,16.7,33.3,8.7,8.7,21.7,11.5,19.2,15.4,18.8,25.0,6.2,9.1,18.2,0.0
4556,66.7,22.2,11.1,52.9,23.5,11.8,25.0,40.0,10.0,18.2,4.5,36.4,18.2,18.2,27.3,28.6,14.3,0.0
4557,46.2,30.8,7.7,11.8,17.6,5.9,25.0,6.2,5.9,5.9,35.3,6.7,13.3,7.1,0.0,0.0,0.0,0.0
4561,39.1,34.8,20.0,12.0,8.0,42.1,10.5,35.7,10.7,10.7,11.8,11.8,17.6,15.4,7.7,15.4,0.0,0.0
4562,29.4,35.3,5.9,4.5,9.1,22.7,16.7,16.7,5.6,27.8,4.5,13.6,4.8,19.0,0.0,0.0,0.0,0.0
4563,45.5,18.2,18.2,4.5,13.6,18.2,13.0,4.3,4.5,4.5,18.2,5.0,15.0,0.0,0.0,0.0,0.0,0.0
4564,21.4,35.7,21.4,13.3,20.0,20.0,29.4,5.9,15.4,38.5,5.0,13.3,0.0,0.0,0.0,0.0,0.0,0.0
4565,36.4,18.2,9.1,4.8,28.6,23.8,10.5,21.1,26.3,5.3,26.3,20.0,26.7,9.5,14.3,0.0,0.0,0.0
4568,78.3,4.3,13.0,26.3,31.6,5.3,15.8,36.8,12.5,16.7,20.8,20.0,20.0,5.3,5.3,31.6,0.0,0.0
4572,47.1,17.6,17.6,15.4,46.2,23.1,33.3,8.3,16.7,7.1,21.4,21.4,21.4,35.7,23.1,15.4,0.0,0.0
4573,83.3,8.3,8.3,10.0,30.0,30.0,22.2,22.2,22.2,13.0,17.4,21.7,5.3,15.8,26.3,25.0,33.3,0.0
4574,37.5,12.5,18.8,9.5,23.8,19.0,11.1,25.9,14.8,9.5,14.3,9.5,8.3,29.2,14.3,0.0,0.0,0.0
4584,67.9,25.0,3.6,30.4,21.7,13.0,16.7,41.7,20.8,19.0,38.1,23.8,21.1,15.8,26.3,12.5,18.8,25.0
4594,56.5,17.4,13.0,31.8,27.3,5.9,35.3,11.8,25.9,3.7,37.0,4.8,19.0,14.3,25.0,0.0,0.0,0.0
4600,80.0,4.0,23.8,19.0,14.3,10.5,36.8,31.6,20.0,10.0,25.0,8.0,40.0,9.5,14.3,0.0,0.0,0.0
4601,62.5,25.0,4.2,18.8,31.2,25.0,16.7,25.0,20.8,4.5,22.7,36.4,23.5,11.8,35.3,4.8,19.0,0.0
4604,83.9,3.2,6.5,13.8,48.3,17.2,4.0,32.0,36.0,11.1,44.4,11.1,21.1,10.5,36.8,8.7,13.0,34.8
4607,55.0,25.0,15.0,10.0,25.0,20.0,4.8,47.6,28.6,5.6,11.1,44.4,10.0,10.0,5.0,5.9,17.6,0.0
4608,45.8,16.7,16.7,10.0,55.0,15.0,18.5,29.6,25.9,11.5,23.1,26.9,15.0,20.0,4.8,28.6,0.0,0.0
4610,47.4,26.3,8.7,43.5,17.4,31.6,15.8,15.8,36.8,15.8,5.3,14.3,23.8,4.8,10.3,3.4,10.3,0.0
4625,53.8,7.7,15.4,6.2,12.5,25.0,10.0,15.0,25.0,11.8,5.9,5.9,4.3,13.0,10.5,5.3,0.0,0.0
4627,45.0,20.0,10.0,20.0,53.3,13.3,26.7,6.7,40.0,15.8,5.3,21.1,6.2,12.5,25.0,5.6,5.6,16.7
4637,37.5,31.2,18.8,44.4,22.2,18.2,22.7,18.2,13.6,27.3,22.7,5.3,21.1,21.1,6.2,18.8,0.0,0.0
4640,55.6,33.3,3.7,16.0,16.0,32.0,16.7,20.8,29.2,17.4,30.4,17.4,10.7,7.1,32.1,13.3,6.7,0.0
4641,33.3,20.0,5.0,25.0,15.0,17.6,23.5,15.8,5.3,15.8,4.3,34.8,12.5,6.2,0.0,0.0,0.0,0.0
4642,88.5,3.8,30.0,20.0,25.0,26.1,21.7,8.7,11.1,38.9,22.2,14.3,28.6,6.2,6.2,31.2,0.0,0.0
4643,78.1,6.2,9.4,33.3,33.3,9.5,12.5,29.2,25.0,28.6,19.0,23.8,18.2,22.7,22.7,10.5,26.3,0.0
4644,61.9,9.5,9.5,21.4,21.4,29.4,23.5,23.5,8.7,17.4,30.4,6.7,33.3,13.3,8.3,33.3,0.0,0.0
4645,73.3,23.3,21.1,36.8,15.8,16.7,29.2,25.0,9.1,27.3,9.1,17.4,17.4,17.4,9.5,14.3,33.3,0.0
4649,53.8,30.8,3.8,31.8,13.6,22.7,13.6,9.1,9.1,11.5,26.9,23.1,4.8,14.3,9.1,13.6,0.0,0.0
4652,38.9,22.2,16.7,23.5,35.3,11.8,4.2,29.2,25.0,5.3,21.1,36.8,15.8,15.8,26.3,25.0,0.0,0.0
4653,83.3,10.0,30.4,30.4,8.7,17.4,34.8,13.6,18.2,31.8,10.5,21.1,21.1,15.0,35.0,0.0,0.0,0.0
4654,69.6,13.0,4.3,23.5,35.3,17.6,12.5,37.5,18.8,9.1,27.3,18.2,10.5,15.8,26.3,7.7,15.4,0.0
4656,23.1,15.4,23.1,4.8,23.8,4.8,5.6,16.7,16.7,21.1,5.3,15.8,15.0,35.0,7.1,7.1,0.0,0.0
4660,50.0,33.3,20.0,0.0,0.0,0.0,0.0,0.0,0.0,0.0,0.0,0.0,0.0,0.0,0.0,0.0,0.0,0.0
4661,36.4,18.2,18.2,38.5,28.6,14.3,15.4,23.1,25.0,15.4,0.0,0.0,0.0,0.0,0.0,0.0,0.0,0.0
4664,10.0,20.0,20.0,7.1,14.3,42.9,5.9,5.9,11.8,6.7,6.7,20.0,8.3,8.3,18.2,0.0,0.0,0.0
4665,16.7,41.7,16.7,5.6,11.1,5.6,6.2,12.5,20.0,26.7,6.7,6.7,0.0,0.0,0.0,0.0,0.0,0.0
4669,46.2,15.4,23.1,17.6,23.5,15.8,15.8,10.0,15.0,15.0,15.0,11.8,0.0,0.0,0.0,0.0,0.0,0.0
4674,34.8,21.7,21.7,18.8,25.0,6.2,17.4,13.0,26.1,19.0,28.6,14.3,25.9,18.5,18.2,27.3,0.0,0.0
4676,28.6,21.4,21.4,13.6,4.5,18.2,4.8,42.9,9.5,22.7,31.8,21.1,40.0,0.0,0.0,0.0,0.0,0.0
4677,57.1,14.3,14.3,27.3,18.2,18.2,42.9,14.3,18.2,18.2,9.1,18.2,4.8,23.8,0.0,0.0,0.0,0.0
4679,61.5,7.7,11.5,30.0,20.0,10.0,20.8,29.2,12.5,26.1,13.0,26.1,20.0,25.0,5.0,12.5,25.0,0.0
4680,31.2,12.5,31.2,4.8,23.8,33.3,26.3,21.1,17.6,23.5,21.7,17.4,25.0,0.0,0.0,0.0,0.0,0.0
4682,68.6,11.4,8.6,20.0,26.7,20.0,26.9,15.4,30.8,13.8,17.2,34.5,13.0,30.4,22.7,0.0,0.0,0.0
4688,66.7,20.0,10.0,27.8,33.3,16.7,9.1,40.9,18.2,4.2,29.2,33.3,16.7,11.1,27.8,3.7,11.1,7.4
4691,43.8,18.8,14.3,14.3,28.6,14.3,19.0,23.8,9.1,31.8,8.7,30.4,10.0,40.0,0.0,0.0,0.0,0.0
4693,30.8,15.4,7.7,9.5,14.3,23.8,5.3,21.1,21.1,27.8,5.6,4.5,22.7,26.7,0.0,0.0,0.0,0.0
4695,41.2,17.6,5.9,12.5,12.5,18.8,4.8,9.5,19.0,23.5,29.4,10.5,15.8,15.8,5.6,16.7,0.0,0.0
4697,35.3,23.5,11.8,15.8,10.5,4.3,17.4,17.4,5.3,26.3,26.3,17.4,17.4,7.1,0.0,0.0,0.0,0.0
4702,60.7,17.9,13.3,46.7,6.7,47.6,19.0,33.3,19.0,14.3,23.8,23.8,9.5,9.5,13.0,17.4,39.1,0.0
4703,63.0,7.4,14.8,5.9,29.4,29.4,11.8,41.2,11.1,11.1,38.9,6.2,25.0,12.5,28.6,0.0,0.0,0.0
4704,71.0,9.7,6.5,15.8,26.3,5.3,25.9,14.8,18.5,33.3,22.2,5.6,5.3,15.8,36.8,20.8,0.0,0.0
4709,58.3,16.7,8.3,23.8,23.8,14.3,18.2,18.2,22.7,13.3,40.0,13.3,21.7,21.7,9.5,19.0,0.0,0.0
4713,61.3,25.8,3.2,20.8,37.5,12.5,17.4,26.1,17.4,26.3,21.1,26.3,10.7,21.4,35.7,20.8,33.3,0.0
4715,57.1,21.4,52.2,13.0,13.0,18.8,31.2,25.0,40.0,13.3,6.7,29.4,5.9,11.8,14.3,9.5,0.0,0.0
4724,25.0,25.0,25.0,14.3,16.7,22.2,20.0,0.0,0.0,0.0,0.0,0.0,0.0,0.0,0.0,0.0,0.0,0.0
4725,30.8,30.8,7.7,5.0,5.0,25.0,10.0,10.0,20.0,10.0,20.0,14.3,19.0,5.6,5.6,38.9,0.0,0.0
4729,25.0,25.0,25.0,25.0,25.0,20.0,20.0,40.0,28.6,14.3,20.0,30.0,30.0,10.5,10.5,0.0,0.0,0.0
4736,83.3,12.5,4.2,36.8,31.6,15.8,23.1,38.5,15.4,24.1,34.5,10.3,26.1,4.3,34.8,11.8,17.6,0.0
4739,66.7,18.5,7.4,15.4,19.2,23.1,38.5,34.6,11.5,16.0,16.0,24.0,15.0,15.0,10.0,13.3,26.7,0.0
4743,68.0,4.0,12.0,17.4,43.5,8.7,45.5,36.4,18.2,9.1,27.3,18.2,4.8,9.5,19.0,13.3,20.0,0.0
4750,40.0,20.0,30.0,23.1,23.1,15.4,5.0,25.0,25.0,14.3,14.3,12.5,6.2,6.2,12.5,25.0,0.0,0.0
4754,67.7,6.5,6.5,19.0,28.6,14.3,14.3,61.9,4.8,27.3,9.1,31.8,14.3,14.3,9.5,13.0,26.1,0.0
4757,82.1,14.3,23.8,28.6,4.8,8.7,26.1,13.0,23.5,11.8,29.4,4.5,22.7,22.7,15.8,21.1,15.8,0.0
4759,86.4,13.6,11.8,41.2,29.4,19.0,23.8,23.8,66.7,20.0,6.2,37.5,12.5,22.7,31.8,0.0,0.0,0.0
4760,78.6,3.6,3.6,26.3,21.1,21.1,28.6,38.1,9.5,21.1,26.3,15.8,16.0,32.0,16.0,6.2,18.8,0.0
4762,90.3,3.2,6.5,12.5,18.8,25.0,38.9,22.2,16.7,22.2,33.3,16.7,15.4,23.1,23.1,13.0,17.4,21.7
4775,76.5,11.8,5.9,13.3,33.3,20.0,23.1,15.4,7.7,35.7,28.6,6.7,26.7,6.7,8.3,8.3,8.3,0.0
4779,33.3,13.3,26.7,12.5,25.0,6.2,15.0,5.0,25.0,5.0,5.0,10.0,12.5,18.8,16.7,11.1,0.0,0.0
4785,7.1,21.4,14.3,5.6,16.7,5.6,15.8,15.8,36.8,6.7,20.0,28.6,14.3,0.0,0.0,0.0,0.0,0.0
4787,71.4,7.1,10.7,30.0,35.0,10.0,20.8,29.2,16.7,19.2,15.4,15.4,9.5,14.3,23.8,20.0,40.0,0.0
4789,53.8,15.4,15.4,13.3,33.3,20.0,15.8,26.3,21.1,10.5,15.8,36.8,6.2,18.8,18.8,10.0,0.0,0.0
4792,28.6,50.0,7.1,10.0,10.0,30.0,33.3,6.7,13.3,5.0,25.0,30.0,21.4,14.3,14.3,14.3,0.0,0.0
4794,80.8,15.4,23.8,28.6,38.1,27.6,27.6,10.3,11.1,27.8,27.8,9.1,13.6,36.4,13.3,33.3,0.0,0.0
4797,73.9,8.7,27.3,31.8,18.2,17.6,17.6,23.5,14.3,23.8,19.0,4.8,19.0,23.8,4.8,4.8,14.3,0.0
4798,67.9,25.0,17.4,43.5,17.4,28.6,19.0,33.3,18.8,12.5,37.5,9.1,9.1,27.3,13.6,27.3,0.0,0.0
4803,30.0,20.0,10.0,20.0,11.8,47.1,5.9,6.2,0.0,0.0,0.0,0.0,0.0,0.0,0.0,0.0,0.0,0.0
4809,23.1,38.5,7.7,38.5,7.7,20.0,6.7,33.3,17.6,35.3,17.6,7.1,7.1,14.3,9.1,18.2,0.0,0.0
4811,33.3,11.1,22.2,12.0,12.0,8.0,18.5,29.6,22.2,20.8,20.8,12.5,13.0,30.4,4.8,14.3,0.0,0.0
4813,53.3,6.7,13.3,20.0,5.0,5.3,5.3,26.3,5.9,11.8,5.9,4.5,18.2,8.3,0.0,0.0,0.0,0.0
4817,63.2,15.8,13.3,33.3,20.0,29.4,23.5,23.5,5.9,41.2,17.6,12.5,37.5,5.0,10.0,0.0,0.0,0.0
4823,60.0,25.0,5.0,47.1,11.8,23.5,29.4,23.5,11.8,13.3,26.7,53.3,6.7,6.7,33.3,13.3,20.0,0.0
4831,63.6,9.1,13.6,7.1,35.7,21.4,30.0,30.0,20.0,13.3,20.0,33.3,14.3,7.1,28.6,11.1,5.6,22.2
4834,85.0,5.0,10.0,27.3,31.8,13.6,9.5,23.8,23.8,17.4,17.4,17.4,9.1,18.2,13.3,13.3,0.0,0.0
4836,33.3,11.1,20.0,10.0,11.1,33.3,20.0,10.0,10.0,12.5,7.7,0.0,0.0,0.0,0.0,0.0,0.0,0.0
4839,45.5,27.3,13.6,15.0,25.0,25.0,17.6,35.3,11.8,4.3,30.4,13.0,5.0,25.0,25.0,17.6,11.8,11.8
4844,28.6,14.3,14.3,8.3,20.8,16.7,22.7,18.2,5.9,23.5,22.2,7.7,38.5,0.0,0.0,0.0,0.0,0.0
4850,55.6,22.2,5.6,37.5,25.0,18.8,20.0,30.0,10.0,31.2,25.0,18.8,7.1,7.1,42.9,6.2,18.8,25.0
4852,69.2,15.4,22.2,11.1,27.8,28.6,28.6,19.0,30.0,15.0,25.0,25.0,10.0,10.0,5.0,15.0,35.0,0.0
4856,66.7,16.7,2.8,19.0,42.9,14.3,20.0,32.0,16.0,16.0,40.0,4.0,10.7,10.7,28.6,9.1,18.2,0.0
4863,20.0,40.0,10.0,10.0,20.0,18.2,27.3,12.5,12.5,5.9,17.6,11.8,6.2,6.2,6.2,0.0,0.0,0.0
4864,50.0,27.8,5.6,5.3,26.3,10.5,5.9,17.6,11.8,15.0,10.0,10.0,5.9,5.9,23.5,6.7,0.0,0.0
4866,50.0,16.7,16.7,29.4,11.8,22.2,16.7,27.8,22.2,16.7,23.5,5.9,0.0,0.0,0.0,0.0,0.0,0.0
4871,38.5,23.1,7.7,5.3,31.6,21.1,15.8,31.6,15.8,6.7,26.7,6.7,15.8,21.1,16.7,0.0,0.0,0.0
4873,73.1,3.8,15.4,22.7,31.8,18.2,6.2,25.0,31.2,8.3,20.8,20.8,5.9,35.3,9.1,0.0,0.0,0.0
4875,50.0,7.1,7.1,36.4,13.6,27.8,22.2,5.6,5.3,21.1,10.5,11.8,29.4,11.8,0.0,0.0,0.0,0.0
4876,50.0,25.0,5.3,36.8,21.1,9.5,19.0,19.0,12.5,18.8,12.5,20.0,5.0,7.1,0.0,0.0,0.0,0.0
4877,68.0,24.0,4.0,5.0,50.0,15.0,42.1,26.3,5.3,21.1,36.8,21.1,14.3,19.0,23.8,4.8,9.5,14.3
4882,16.7,25.0,15.8,15.8,5.3,9.5,14.3,23.8,10.0,20.0,10.0,5.0,10.0,10.0,20.0,0.0,0.0,0.0
4885,75.0,33.3,50.0,50.0,20.0,60.0,33.3,33.3,50.0,0.0,0.0,0.0,0.0,0.0,0.0,0.0,0.0,0.0
4886,87.1,9.7,15.0,30.0,30.0,26.7,33.3,26.7,29.4,29.4,23.5,29.4,35.3,11.8,31.6,31.6,0.0,0.0
4887,54.5,13.6,4.5,5.3,26.3,31.6,9.1,22.7,18.2,10.0,10.0,20.0,3.8,11.5,15.4,22.2,0.0,0.0
4890,42.1,21.1,10.5,9.5,33.3,23.8,8.3,16.7,25.0,8.7,13.0,17.4,4.3,26.1,13.0,4.5,13.6,13.6
4892,46.7,20.0,6.7,11.1,11.1,27.8,12.5,31.2,25.0,5.9,23.5,23.5,11.8,11.8,17.6,6.7,6.7,0.0
4896,50.0,11.1,22.2,9.5,4.8,23.8,3.8,30.8,19.2,21.1,14.3,4.8,14.3,4.5,0.0,0.0,0.0,0.0
4899,33.3,25.0,16.7,4.8,23.8,9.5,40.0,5.0,15.8,21.1,5.6,11.1,8.3,8.3,0.0,0.0,0.0,0.0
4903,71.4,7.1,3.6,35.7,21.4,17.9,22.2,29.6,29.6,8.7,13.0,34.8,9.5,28.6,14.3,9.5,9.5,19.0
4905,33.3,8.3,16.7,9.1,13.6,13.6,7.1,14.3,7.1,25.0,16.7,5.0,10.0,13.3,0.0,0.0,0.0,0.0
4906,45.5,31.8,9.1,12.0,24.0,20.0,8.3,33.3,37.5,21.7,39.1,4.0,12.0,24.0,9.5,9.5,0.0,0.0
4908,84.8,12.1,36.4,31.8,18.2,28.0,32.0,12.0,19.0,38.1,14.3,7.1,21.4,28.6,12.5,12.5,31.2,0.0
4909,64.3,7.1,7.1,11.1,38.9,16.7,17.6,23.5,23.5,25.0,12.5,6.7,6.7,6.7,6.7,6.7,0.0,0.0
4918,50.0,21.4,7.1,22.7,22.7,18.2,8.7,13.0,30.4,15.4,30.8,6.9,6.9,24.1,15.4,0.0,0.0,0.0
4925,52.0,20.0,20.0,8.7,21.7,30.4,7.4,33.3,25.9,29.6,11.1,22.2,4.5,9.1,27.3,17.6,11.8,0.0
4926,68.4,5.3,10.5,60.0,10.0,20.0,30.0,40.0,5.0,33.3,27.8,13.3,6.7,14.3,7.1,35.7,0.0,0.0
4930,53.3,20.0,13.3,20.0,30.0,20.0,18.2,27.3,18.2,19.0,33.3,9.5,17.6,11.8,29.4,4.3,8.7,17.4
4931,64.5,9.7,12.9,31.0,20.7,24.1,15.0,40.0,10.0,8.0,16.0,36.0,4.8,9.5,42.9,5.3,21.1,15.8
4932,71.4,17.9,3.6,8.7,30.4,13.0,18.8,31.2,12.5,20.0,25.0,20.0,21.1,5.3,15.8,11.1,5.6,16.7
4934,65.5,17.2,3.4,13.0,39.1,13.0,13.6,27.3,31.8,8.7,13.0,17.4,8.0,16.0,20.0,20.0,0.0,0.0
4938,72.7,18.2,22.7,18.2,31.8,34.8,21.7,13.0,17.6,11.8,35.3,11.1,11.1,33.3,23.5,0.0,0.0,0.0
4941,16.7,33.3,16.7,12.5,18.8,25.0,23.1,23.1,7.7,6.2,6.2,10.5,15.8,11.1,0.0,0.0,0.0,0.0
4942,58.3,25.0,31.2,25.0,31.2,6.2,12.5,31.2,5.0,5.0,45.0,6.7,13.3,40.0,7.1,7.1,21.4,0.0
4944,27.3,18.2,18.2,6.7,6.7,33.3,17.4,13.0,21.7,5.0,5.0,25.0,20.0,6.7,5.3,10.5,0.0,0.0
4948,50.0,25.0,10.0,19.0,28.6,23.8,31.6,15.8,27.8,22.2,11.1,9.5,9.5,11.1,22.2,0.0,0.0,0.0
4949,67.7,19.4,9.7,24.0,28.0,16.0,18.2,27.3,36.4,13.0,43.5,26.1,9.1,22.7,27.3,6.2,12.5,37.5
4951,55.6,11.1,7.7,38.5,12.5,18.8,37.5,4.8,19.0,23.8,9.5,14.3,14.3,14.3,0.0,0.0,0.0,0.0
4952,41.7,25.0,8.3,11.8,47.1,10.5,10.5,26.3,6.7,13.3,26.7,5.0,5.0,5.0,7.1,0.0,0.0,0.0
4953,76.0,8.0,12.0,29.6,25.9,11.1,15.4,23.1,23.1,16.7,33.3,29.2,21.1,5.3,15.8,15.8,21.1,10.5
4958,68.0,4.0,4.0,22.7,18.2,18.2,14.3,33.3,19.0,18.2,27.3,27.3,5.3,5.3,42.1,27.3,0.0,0.0
4959,86.2,10.3,3.4,18.8,25.0,12.5,15.8,42.1,21.1,29.4,5.9,29.4,15.0,30.0,25.0,22.2,22.2,0.0
4961,77.8,8.3,5.6,26.3,21.1,10.5,31.6,15.8,15.8,21.1,21.1,10.5,10.5,31.6,21.1,13.0,21.7,21.7
4963,80.8,7.7,7.7,29.2,25.0,4.2,26.3,26.3,10.5,15.4,11.5,30.8,5.0,15.0,25.0,17.6,23.5,0.0
4966,57.1,14.3,14.3,20.0,25.0,10.0,15.0,15.0,25.0,14.8,18.5,22.2,17.4,21.7,17.4,14.3,0.0,0.0
4969,45.5,27.3,18.2,14.3,35.7,6.7,26.7,46.7,12.5,18.8,25.0,53.8,7.7,7.7,7.7,0.0,0.0,0.0
4973,40.0,20.0,25.0,4.8,19.0,33.3,15.8,36.8,26.3,12.5,18.8,25.0,15.0,5.0,30.0,5.3,10.5,0.0
4976,25.0,25.0,50.0,37.5,12.5,50.0,18.2,27.3,6.7,13.3,13.3,0.0,0.0,0.0,0.0,0.0,0.0,0.0
4979,70.6,17.6,5.9,11.8,23.5,11.8,14.3,19.0,23.8,6.2,18.8,18.8,13.6,22.7,13.6,16.7,25.0,0.0
4985,73.3,16.7,6.7,22.2,33.3,11.1,28.0,24.0,12.0,5.9,29.4,23.5,10.5,21.1,42.1,25.0,18.8,0.0
4988,20.0,26.7,4.5,4.5,9.1,14.3,28.6,4.8,11.1,11.1,11.1,9.5,14.3,5.3,5.3,5.3,0.0,0.0
4989,76.5,5.9,17.6,17.6,41.2,23.5,14.3,28.6,19.0,6.2,18.8,31.2,5.6,16.7,16.7,6.2,31.2,0.0
4991,57.1,19.0,14.3,20.0,25.0,15.4,23.1,26.9,5.9,11.8,47.1,15.0,10.0,10.0,5.9,17.6,0.0,0.0
5003,38.5,23.1,7.7,4.8,28.6,4.8,9.5,19.0,14.3,5.6,11.1,16.7,14.3,7.7,0.0,0.0,0.0,0.0
5006,45.5,9.1,9.1,10.5,15.8,28.6,14.3,23.5,5.9,11.8,15.0,5.0,20.0,4.8,0.0,0.0,0.0,0.0
5011,41.7,8.3,25.0,5.9,23.5,18.8,18.8,5.0,5.0,15.0,11.1,11.1,10.0,0.0,0.0,0.0,0.0,0.0
5012,52.4,23.8,4.8,11.1,18.5,25.9,20.8,29.2,16.7,17.6,23.5,16.7,8.3,16.7,23.8,9.5,0.0,0.0
5013,52.9,5.9,25.0,12.5,31.2,25.0,10.0,25.0,26.7,6.7,20.0,5.6,5.6,22.2,14.3,21.4,0.0,0.0
5016,74.1,11.1,11.1,27.8,16.7,22.2,30.4,17.4,30.4,26.7,13.3,26.7,16.7,38.9,20.0,20.0,0.0,0.0
5026,80.0,10.0,20.0,15.0,25.0,25.0,31.2,25.0,13.3,20.0,13.3,18.8,12.5,18.8,12.5,16.7,0.0,0.0
5028,85.3,5.9,2.9,28.0,40.0,12.0,18.2,18.2,18.2,28.0,12.0,32.0,19.0,19.0,14.3,10.0,5.0,0.0
5031,37.5,12.5,25.0,8.3,41.7,16.7,16.7,8.3,7.1,7.1,14.3,25.0,9.1,0.0,0.0,0.0,0.0,0.0
5032,69.2,7.7,17.6,17.6,11.8,23.1,30.8,30.8,7.7,15.4,30.8,5.9,11.8,6.7,13.3,0.0,0.0,0.0
5034,68.6,14.3,5.7,22.2,37.0,3.7,17.4,34.8,26.1,26.3,5.3,31.6,29.2,37.5,23.5,11.8,0.0,0.0
5035,29.4,29.4,11.8,14.3,38.1,9.5,20.8,20.8,20.8,19.0,4.8,19.0,13.6,9.1,27.3,25.0,0.0,0.0
5036,45.5,18.2,9.1,5.9,35.3,5.9,40.0,11.8,11.8,18.8,12.5,23.1,0.0,0.0,0.0,0.0,0.0,0.0
5037,33.3,8.3,33.3,15.4,30.8,23.1,18.2,9.1,9.1,11.1,22.2,11.1,5.6,16.7,16.7,5.6,5.6,11.1
5038,62.5,20.8,12.5,16.0,32.0,20.0,4.3,39.1,13.0,19.2,15.4,15.4,9.5,23.8,19.0,5.6,16.7,0.0
5039,50.0,22.2,7.7,30.8,11.5,9.5,23.8,19.0,17.9,21.4,17.9,25.0,25.0,0.0,0.0,0.0,0.0,0.0
5051,75.0,16.7,4.2,30.0,25.0,35.0,23.5,17.6,17.6,28.6,23.8,9.5,9.5,14.3,19.0,15.4,0.0,0.0
5052,100.0,33.3,33.3,33.3,0.0,0.0,0.0,0.0,0.0,0.0,0.0,0.0,0.0,0.0,0.0,0.0,0.0,0.0
5054,62.5,6.2,12.5,25.0,18.8,25.0,31.2,12.5,25.0,13.0,34.8,21.7,10.5,10.5,10.5,7.7,7.7,23.1
5058,80.8,3.8,7.7,28.1,37.5,18.8,31.8,36.4,9.1,3.7,33.3,25.9,8.3,25.0,12.5,16.7,5.6,33.3
5063,41.7,16.7,16.7,9.5,38.1,14.3,5.6,16.7,11.1,9.5,28.6,19.0,15.4,23.1,5.3,15.8,0.0,0.0
5064,56.2,6.2,6.2,6.2,43.8,12.5,6.2,18.8,18.8,4.0,28.0,28.0,5.9,23.5,29.4,6.7,13.3,0.0
5066,72.7,9.1,23.5,23.5,17.6,10.5,26.3,26.3,11.1,44.4,14.3,9.5,19.0,15.4,46.2,0.0,0.0,0.0
5067,58.3,8.3,16.7,4.8,19.0,19.0,18.2,27.3,13.6,12.5,18.8,9.1,9.1,9.1,7.7,15.4,0.0,0.0
5074,44.4,33.3,16.7,5.6,27.8,5.3,36.8,4.5,9.1,18.2,5.0,5.0,10.0,7.1,14.3,0.0,0.0,0.0
5075,53.1,18.8,9.4,12.0,24.0,32.0,19.2,11.5,26.9,26.1,17.4,17.4,9.1,22.7,40.9,23.8,19.0,0.0
5077,14.3,14.3,20.0,12.5,14.3,0.0,0.0,0.0,0.0,0.0,0.0,0.0,0.0,0.0,0.0,0.0,0.0,0.0
5079,14.3,28.6,7.1,14.3,21.4,21.4,11.8,23.5,23.5,12.5,12.5,6.2,6.7,20.0,6.2,12.5,0.0,0.0
5081,33.3,33.3,14.8,19.0,33.3,14.3,14.3,19.0,19.0,15.0,25.0,35.0,8.3,12.5,25.0,6.2,31.2,0.0
5084,85.7,7.1,7.1,26.7,20.0,13.3,38.9,22.2,27.8,9.5,38.1,14.3,13.3,6.7,26.7,6.2,18.8,43.8
5087,52.0,24.0,23.8,28.6,23.8,11.8,23.5,29.4,10.0,25.0,30.0,20.0,6.7,20.0,19.0,9.5,0.0,0.0
5092,50.0,38.9,21.1,52.6,5.3,30.0,20.0,20.0,21.7,4.3,8.7,13.3,6.7,40.0,7.1,21.4,21.4,0.0
5095,63.2,10.5,5.3,23.5,17.6,17.6,23.1,23.1,7.7,20.0,20.0,20.0,12.5,18.8,37.5,14.3,35.7,0.0
5096,71.4,14.3,8.7,39.1,17.4,25.0,25.0,12.5,4.3,26.1,21.7,5.0,10.0,20.0,4.5,18.2,0.0,0.0
5100,23.1,23.1,7.7,5.9,11.8,11.8,11.8,5.9,14.3,14.3,5.6,11.1,33.3,11.1,0.0,0.0,0.0,0.0
5102,52.6,21.1,15.8,4.5,27.3,18.2,5.3,10.5,21.1,10.5,15.8,6.7,6.7,5.9,0.0,0.0,0.0,0.0
5103,10.0,30.0,30.0,6.2,25.0,18.8,6.2,25.0,16.7,11.8,23.5,15.4,0.0,0.0,0.0,0.0,0.0,0.0
5107,57.1,14.3,14.3,11.1,5.6,27.8,7.7,15.4,15.4,14.3,7.1,10.0,20.0,20.0,7.1,7.1,14.3,0.0
5112,48.0,20.0,16.0,38.1,23.8,9.5,15.0,45.0,15.0,9.1,22.7,27.3,20.0,25.0,5.0,11.8,0.0,0.0
5113,20.0,10.0,40.0,9.1,9.1,9.1,8.3,8.3,15.4,0.0,0.0,0.0,0.0,0.0,0.0,0.0,0.0,0.0
5114,51.9,14.8,14.8,20.0,26.7,20.0,16.7,20.8,29.2,36.4,4.5,22.7,8.0,16.0,20.0,11.1,22.2,0.0
5117,16.7,16.7,16.7,7.1,14.3,7.1,27.3,27.3,18.2,20.0,10.0,0.0,0.0,0.0,0.0,0.0,0.0,0.0
5121,72.7,22.7,11.8,52.9,11.8,10.0,40.0,5.0,28.6,28.6,10.5,15.8,26.3,11.1,22.2,0.0,0.0,0.0
5122,16.7,16.7,16.7,28.6,28.6,14.3,25.0,12.5,25.0,40.0,0.0,0.0,0.0,0.0,0.0,0.0,0.0,0.0
5123,25.0,33.3,16.7,26.3,21.1,5.9,5.9,17.6,6.2,18.8,5.9,11.8,10.0,0.0,0.0,0.0,0.0,0.0
5124,33.3,16.7,16.7,25.0,14.3,42.9,37.5,33.3,33.3,9.1,0.0,0.0,0.0,0.0,0.0,0.0,0.0,0.0
5125,57.7,11.5,11.5,10.0,20.0,25.0,18.2,27.3,18.2,28.6,7.1,7.1,5.3,15.8,10.5,5.9,41.2,0.0
5126,66.7,16.7,10.0,5.3,26.3,10.5,23.3,36.7,13.3,21.7,26.1,34.8,21.7,21.7,26.1,8.7,13.0,13.0
5128,14.3,14.3,9.1,27.3,25.0,25.0,8.3,9.1,18.2,9.1,7.7,15.4,8.3,0.0,0.0,0.0,0.0,0.0
5129,38.5,23.1,23.1,15.4,7.7,38.5,33.3,8.3,25.0,21.4,35.7,7.1,16.7,41.7,5.6,5.6,0.0,0.0
5130,44.4,5.6,11.1,15.0,35.0,13.0,21.7,4.8,14.3,14.3,5.6,5.6,6.2,0.0,0.0,0.0,0.0,0.0
5131,18.2,18.2,26.3,10.5,15.0,10.0,5.0,35.0,9.5,4.8,9.1,9.1,0.0,0.0,0.0,0.0,0.0,0.0
5132,51.4,20.0,8.6,36.0,24.0,36.0,20.8,16.7,20.8,27.6,17.2,20.7,34.8,21.7,6.7,20.0,26.7,0.0
5134,65.0,15.0,5.0,5.9,29.4,17.6,4.2,25.0,16.7,11.1,27.8,5.0,10.0,15.0,18.8,12.5,0.0,0.0
5136,60.0,16.7,10.0,40.0,20.0,7.7,26.9,26.9,30.0,15.0,18.2,9.1,27.3,9.1,22.7,0.0,0.0,0.0
5139,58.8,11.8,11.8,18.2,50.0,9.1,20.0,25.0,20.0,9.5,33.3,19.0,10.0,5.0,30.0,13.3,33.3,0.0
5143,22.2,11.1,4.8,19.0,14.3,10.5,15.8,21.1,5.3,31.6,11.1,22.2,10.0,10.0,0.0,0.0,0.0,0.0
5144,27.3,27.3,10.0,25.0,10.0,18.8,31.2,5.9,29.4,17.6,9.5,9.5,6.7,6.7,0.0,0.0,0.0,0.0
5145,66.7,14.8,7.4,21.1,26.3,5.3,20.0,28.0,20.0,16.7,16.7,22.2,5.0,10.0,30.0,12.5,6.2,0.0
5148,30.8,15.4,15.4,45.5,13.3,6.7,26.7,15.4,15.4,23.1,9.1,11.8,0.0,0.0,0.0,0.0,0.0,0.0
5150,57.9,21.1,22.2,27.8,22.2,28.6,21.4,11.8,23.5,17.6,5.0,20.0,35.0,10.5,5.3,21.1,0.0,0.0
5151,15.4,15.4,15.4,5.0,20.0,15.0,5.0,15.0,11.1,11.1,31.2,5.3,0.0,0.0,0.0,0.0,0.0,0.0
5152,22.2,22.2,6.7,13.3,20.0,7.1,14.3,15.4,7.7,14.3,7.1,0.0,0.0,0.0,0.0,0.0,0.0,0.0
5153,20.0,13.3,13.3,8.7,8.7,13.0,9.1,9.1,10.0,15.0,20.0,4.5,18.2,5.9,11.8,0.0,0.0,0.0
5154,36.4,9.1,9.1,13.3,6.7,13.3,18.8,18.8,6.2,12.5,31.2,5.6,33.3,16.7,6.2,12.5,25.0,0.0
5155,40.0,26.7,12.5,37.5,6.2,9.5,23.8,28.6,11.8,41.2,5.9,19.0,23.8,4.8,6.7,13.3,33.3,0.0
5160,43.8,25.0,6.2,14.3,14.3,35.7,28.6,14.3,19.0,10.0,15.0,15.0,5.0,10.0,30.0,20.0,20.0,0.0
5161,66.7,12.5,12.5,11.1,27.8,16.7,5.3,31.6,10.5,4.8,23.8,23.8,11.8,29.4,11.8,8.0,4.0,0.0
5164,20.0,9.1,16.7,10.0,0.0,0.0,0.0,0.0,0.0,0.0,0.0,0.0,0.0,0.0,0.0,0.0,0.0,0.0
5165,33.3,33.3,16.7,10.0,30.0,15.0,10.5,5.3,42.1,26.7,26.7,5.6,50.0,11.1,22.2,0.0,0.0,0.0
5166,62.5,16.7,12.5,27.3,18.2,18.2,16.7,25.0,37.5,11.1,27.8,27.8,17.6,35.3,5.3,31.6,0.0,0.0
5173,58.3,25.0,5.0,35.0,10.0,7.7,7.7,7.7,11.8,11.8,11.8,21.1,15.8,7.1,21.4,0.0,0.0,0.0
5174,77.8,11.1,37.5,12.5,37.5,27.3,18.2,9.1,14.3,14.3,22.2,22.2,11.1,0.0,0.0,0.0,0.0,0.0
5178,12.5,18.8,18.8,11.1,27.8,11.1,20.0,20.0,16.0,3.6,3.6,17.9,6.2,0.0,0.0,0.0,0.0,0.0
5180,62.5,11.1,33.3,11.1,16.7,20.0,9.1,9.1,36.4,10.0,20.0,0.0,0.0,0.0,0.0,0.0,0.0,0.0
5182,28.6,42.9,14.3,33.3,19.0,14.3,7.7,23.1,26.9,5.6,5.6,16.7,13.3,13.3,12.5,18.8,0.0,0.0
5185,36.8,15.8,26.3,28.6,23.8,10.5,10.5,31.6,5.6,11.1,33.3,5.9,11.8,29.4,5.3,21.1,0.0,0.0
5188,43.5,17.4,17.4,16.0,16.0,12.0,25.0,25.0,14.3,20.0,10.0,10.0,4.0,12.0,24.0,15.4,15.4,23.1
5190,13.3,26.7,18.8,6.2,12.5,21.1,10.5,5.3,15.4,15.4,11.8,11.8,5.6,5.6,0.0,0.0,0.0,0.0
5191,66.7,22.2,3.7,20.0,16.0,20.0,22.2,22.2,16.7,14.3,14.3,33.3,12.5,25.0,25.0,4.5,18.2,22.7
5196,65.0,15.0,5.0,50.0,5.6,11.1,13.3,26.7,40.0,26.7,6.7,26.7,23.5,5.9,41.2,10.5,15.8,15.8
5206,27.8,16.7,22.2,4.8,38.1,9.5,14.3,7.1,28.6,20.0,26.7,5.6,22.2,16.7,4.8,0.0,0.0,0.0
5207,33.3,25.0,16.7,15.0,5.0,5.0,9.5,28.6,14.3,4.8,19.0,19.0,6.7,6.7,20.0,6.2,12.5,0.0
5209,40.0,25.0,14.3,0.0,0.0,0.0,0.0,0.0,0.0,0.0,0.0,0.0,0.0,0.0,0.0,0.0,0.0,0.0
5212,38.5,30.8,15.4,9.1,36.4,22.7,9.5,23.8,23.8,4.2,16.7,29.2,6.2,25.0,12.5,7.7,15.4,0.0
5214,50.0,7.1,14.3,9.5,23.8,33.3,13.0,17.4,30.4,23.1,23.1,30.8,5.3,15.8,28.6,0.0,0.0,0.0
5216,46.4,7.1,3.6,12.5,33.3,12.5,26.9,26.9,19.2,20.0,20.0,4.0,20.0,4.0,28.0,5.9,5.9,0.0
5217,76.0,8.0,4.0,29.4,11.8,17.6,16.7,11.1,38.9,30.0,30.0,20.0,15.0,15.0,45.0,4.2,29.2,29.2
5218,66.7,11.1,11.1,21.4,35.7,7.1,17.6,17.6,11.8,20.0,20.0,40.0,7.1,14.3,7.1,21.4,21.4,0.0
5220,66.7,23.8,16.7,33.3,11.1,15.4,23.1,30.8,26.9,30.8,15.4,13.0,13.0,8.7,13.3,6.7,26.7,0.0
5221,81.8,4.5,25.0,18.8,18.8,35.0,20.0,15.0,5.9,29.4,17.6,18.2,36.4,12.5,6.2,25.0,0.0,0.0
5222,57.7,3.8,19.2,15.4,19.2,19.2,12.5,43.8,12.5,17.6,58.8,32.0,28.0,20.0,13.3,0.0,0.0,0.0
5224,73.3,13.3,10.0,20.0,35.0,15.0,21.1,57.9,10.5,6.7,13.3,26.7,11.8,11.8,17.6,5.0,10.0,30.0
5229,73.9,8.7,13.0,14.3,33.3,14.3,18.2,31.8,22.7,8.0,16.0,24.0,8.0,16.0,24.0,10.5,15.8,5.3
5230,33.3,16.7,33.3,11.1,33.3,18.2,36.4,9.1,18.2,7.7,15.4,0.0,0.0,0.0,0.0,0.0,0.0,0.0
5234,40.0,40.0,13.3,5.3,36.8,21.1,22.2,16.7,33.3,25.0,12.5,18.8,14.3,42.9,21.4,6.2,31.2,0.0
5236,5.1,15.4,17.9,5.4,8.1,2.3,16.3,0.0,0.0,0.0,0.0,0.0,0.0,0.0,0.0,0.0,0.0,0.0
5238,68.4,26.3,12.0,20.0,20.0,14.3,23.8,28.6,33.3,16.7,12.5,7.7,11.5,15.4,8.3,8.3,0.0,0.0
5240,40.0,7.1,14.3,28.6,5.9,11.8,11.8,9.1,9.1,6.2,12.5,5.0,15.0,0.0,0.0,0.0,0.0,0.0
5243,52.4,9.5,4.8,15.8,26.3,10.5,14.3,28.6,14.3,15.0,10.0,30.0,13.6,22.7,4.5,18.8,12.5,0.0
5244,40.0,20.0,20.0,5.3,31.6,19.0,19.0,35.0,0.0,0.0,0.0,0.0,0.0,0.0,0.0,0.0,0.0,0.0
5247,11.1,22.2,11.1,14.3,23.8,28.6,15.0,20.0,19.0,23.8,13.0,26.1,8.3,0.0,0.0,0.0,0.0,0.0
5249,28.6,7.1,5.0,15.0,15.0,16.7,11.1,44.4,31.8,22.7,23.5,11.8,15.8,10.5,0.0,0.0,0.0,0.0
5250,30.0,10.0,13.3,13.3,13.3,5.9,35.3,17.6,6.7,6.7,13.3,8.3,8.3,8.3,0.0,0.0,0.0,0.0
5252,63.6,18.2,9.1,42.1,21.1,11.8,23.5,29.4,20.0,13.3,20.0,14.3,7.1,21.4,9.1,9.1,27.3,0.0
5254,33.3,33.3,33.3,4.8,28.6,28.6,8.3,8.3,8.3,6.2,12.5,0.0,0.0,0.0,0.0,0.0,0.0,0.0
5255,63.2,15.8,5.3,27.3,31.8,9.1,11.5,42.3,23.1,29.4,5.9,23.5,15.0,10.0,30.0,10.5,10.5,21.1
5256,61.3,12.9,12.9,32.0,24.0,16.0,13.0,30.4,34.8,25.0,14.3,17.9,3.7,18.5,37.0,10.0,15.0,25.0
5257,59.1,9.1,9.1,28.6,33.3,28.6,38.9,16.7,11.1,34.6,26.9,19.2,20.0,13.3,6.7,11.8,23.5,0.0
5258,40.0,10.0,5.3,26.3,10.5,15.4,46.2,7.1,6.7,20.0,13.3,8.7,0.0,0.0,0.0,0.0,0.0,0.0
5263,25.0,12.5,11.8,5.9,17.6,18.8,25.0,13.3,13.3,13.3,13.3,0.0,0.0,0.0,0.0,0.0,0.0,0.0
5267,80.8,3.8,3.8,28.6,28.6,22.2,11.1,33.3,33.3,11.1,22.2,30.0,20.0,15.0,5.6,27.8,11.1,0.0
5270,10.0,10.0,10.0,17.6,5.9,5.9,6.7,13.3,26.7,6.2,25.0,6.7,20.0,6.7,0.0,0.0,0.0,0.0
5273,37.5,12.5,17.6,29.4,11.8,9.5,19.0,9.5,13.6,9.1,13.6,4.5,18.2,0.0,0.0,0.0,0.0,0.0
5275,52.9,17.6,11.8,18.8,25.0,16.7,20.8,12.5,16.7,22.2,27.8,9.5,38.1,14.3,16.7,8.3,0.0,0.0
5278,86.4,4.5,15.8,10.5,26.3,25.0,25.0,31.2,6.2,25.0,18.8,19.0,33.3,19.0,7.1,28.6,21.4,0.0
5279,46.2,7.7,7.7,33.3,11.1,22.2,25.0,10.0,30.0,11.1,11.1,22.2,7.1,28.6,21.4,10.0,0.0,0.0
5282,50.0,10.0,10.0,19.0,4.8,10.5,10.5,21.1,11.1,11.1,11.1,7.1,5.0,0.0,0.0,0.0,0.0,0.0
5285,12.5,6.2,6.2,9.5,0.0,0.0,0.0,0.0,0.0,0.0,0.0,0.0,0.0,0.0,0.0,0.0,0.0,0.0
5289,64.3,7.1,7.1,4.2,29.2,12.5,9.5,28.6,9.5,8.7,30.4,21.7,4.8,19.0,38.1,5.0,15.0,0.0
5291,11.1,11.1,44.4,12.5,6.2,5.9,23.5,5.9,6.2,25.0,5.9,11.1,0.0,0.0,0.0,0.0,0.0,0.0
5292,26.7,13.3,13.3,9.1,18.2,5.3,5.3,31.6,11.8,11.8,5.0,0.0,0.0,0.0,0.0,0.0,0.0,0.0
5294,38.5,15.4,7.7,3.8,7.7,11.5,13.0,13.0,4.3,26.1,8.7,6.2,0.0,0.0,0.0,0.0,0.0,0.0
5296,31.2,31.2,6.2,12.5,20.8,16.7,11.5,19.2,11.5,5.0,10.0,5.0,15.4,11.5,11.5,7.7,7.7,15.4
5297,50.0,16.7,4.8,9.5,14.3,5.0,5.0,4.8,4.8,0.0,0.0,0.0,0.0,0.0,0.0,0.0,0.0,0.0
5300,14.3,6.2,6.2,11.8,5.9,16.7,5.3,5.0,5.0,0.0,0.0,0.0,0.0,0.0,0.0,0.0,0.0,0.0
5301,44.4,22.2,15.0,10.0,10.0,4.0,8.0,20.0,5.0,5.0,9.5,19.0,7.1,28.6,0.0,0.0,0.0,0.0
5302,37.5,12.5,25.0,6.7,13.3,7.7,7.7,9.1,25.0,5.9,0.0,0.0,0.0,0.0,0.0,0.0,0.0,0.0
5307,50.0,7.1,14.3,5.9,17.6,47.1,15.0,15.0,15.0,9.1,18.2,8.3,25.0,12.5,11.1,11.1,0.0,0.0
5308,15.4,15.4,23.1,5.3,10.5,5.3,21.1,26.3,14.3,7.1,21.4,4.3,13.0,17.4,0.0,0.0,0.0,0.0
5309,0.0,0.0,0.0,0.0,0.0,0.0,0.0,0.0,0.0,0.0,0.0,0.0,0.0,0.0,0.0,0.0,0.0,0.0
5311,60.0,20.0,11.1,22.2,11.1,16.7,41.7,7.7,7.7,23.1,4.3,8.7,17.4,9.7,16.1,0.0,0.0,0.0
5312,22.2,22.2,12.5,6.7,6.7,5.6,5.6,6.7,6.7,0.0,0.0,0.0,0.0,0.0,0.0,0.0,0.0,0.0
5313,5.0,5.0,5.0,12.5,12.5,5.0,5.0,0.0,0.0,0.0,0.0,0.0,0.0,0.0,0.0,0.0,0.0,0.0
5317,36.4,18.2,27.3,7.1,28.6,21.4,9.1,13.6,27.3,9.1,9.1,27.3,4.5,9.1,36.4,10.0,15.0,0.0
5321,30.0,10.0,14.3,21.4,14.3,38.5,7.7,50.0,12.5,7.1,14.3,14.3,4.8,14.3,19.0,0.0,0.0,0.0
5323,44.4,22.2,9.1,27.3,9.1,11.1,11.1,9.1,27.3,18.2,36.4,9.1,3.6,3.6,14.3,0.0,0.0,0.0
5324,14.3,14.3,12.5,12.5,0.0,0.0,0.0,0.0,0.0,0.0,0.0,0.0,0.0,0.0,0.0,0.0,0.0,0.0
5327,4.0,0.0,0.0,0.0,0.0,0.0,0.0,0.0,0.0,0.0,0.0,0.0,0.0,0.0,0.0,0.0,0.0,0.0
5328,17.4,21.7,4.5,3.3,10.0,0.0,0.0,0.0,0.0,0.0,0.0,0.0,0.0,0.0,0.0,0.0,0.0,0.0
5330,80.0,6.7,18.8,31.2,6.2,27.8,27.8,11.1,20.0,5.0,15.0,9.5,14.3,14.3,5.0,15.0,25.0,0.0
5332,28.6,28.6,10.0,26.3,10.5,5.6,22.2,7.7,11.5,11.5,4.2,0.0,0.0,0.0,0.0,0.0,0.0,0.0
5335,50.0,3.6,14.3,17.9,4.5,13.6,4.5,6.9,3.4,6.9,3.6,3.6,0.0,0.0,0.0,0.0,0.0,0.0
5336,28.6,10.0,10.0,10.0,0.0,0.0,0.0,0.0,0.0,0.0,0.0,0.0,0.0,0.0,0.0,0.0,0.0,0.0
5342,3.2,0.0,0.0,0.0,0.0,0.0,0.0,0.0,0.0,0.0,0.0,0.0,0.0,0.0,0.0,0.0,0.0,0.0
5345,6.7,6.7,13.3,4.9,0.0,0.0,0.0,0.0,0.0,0.0,0.0,0.0,0.0,0.0,0.0,0.0,0.0,0.0
5347,0.0,0.0,0.0,0.0,0.0,0.0,0.0,0.0,0.0,0.0,0.0,0.0,0.0,0.0,0.0,0.0,0.0,0.0
5349,2.3,0.0,0.0,0.0,0.0,0.0,0.0,0.0,0.0,0.0,0.0,0.0,0.0,0.0,0.0,0.0,0.0,0.0
5351,8.7,17.4,6.7,16.7,2.5,12.5,0.0,0.0,0.0,0.0,0.0,0.0,0.0,0.0,0.0,0.0,0.0,0.0
5352,33.3,11.5,11.5,19.2,7.7,23.1,19.2,2.2,13.0,0.0,0.0,0.0,0.0,0.0,0.0,0.0,0.0,0.0
5354,3.2,0.0,0.0,0.0,0.0,0.0,0.0,0.0,0.0,0.0,0.0,0.0,0.0,0.0,0.0,0.0,0.0,0.0
5355,9.1,11.1,11.1,7.1,7.1,2.9,0.0,0.0,0.0,0.0,0.0,0.0,0.0,0.0,0.0,0.0,0.0,0.0
5357,1.9,1.9,0.0,0.0,0.0,0.0,0.0,0.0,0.0,0.0,0.0,0.0,0.0,0.0,0.0,0.0,0.0,0.0
5359,20.0,10.0,10.0,10.0,6.2,18.8,5.9,11.8,4.3,4.3,0.0,0.0,0.0,0.0,0.0,0.0,0.0,0.0
5360,4.8,4.8,6.9,6.9,2.9,2.9,0.0,0.0,0.0,0.0,0.0,0.0,0.0,0.0,0.0,0.0,0.0,0.0
5361,21.4,12.5,10.3,0.0,0.0,0.0,0.0,0.0,0.0,0.0,0.0,0.0,0.0,0.0,0.0,0.0,0.0,0.0
5363,25.0,0.0,0.0,0.0,0.0,0.0,0.0,0.0,0.0,0.0,0.0,0.0,0.0,0.0,0.0,0.0,0.0,0.0
5364,25.0,2.8,0.0,0.0,0.0,0.0,0.0,0.0,0.0,0.0,0.0,0.0,0.0,0.0,0.0,0.0,0.0,0.0
5365,8.3,4.5,2.7,0.0,0.0,0.0,0.0,0.0,0.0,0.0,0.0,0.0,0.0,0.0,0.0,0.0,0.0,0.0
5367,4.5,0.0,0.0,0.0,0.0,0.0,0.0,0.0,0.0,0.0,0.0,0.0,0.0,0.0,0.0,0.0,0.0,0.0
5368,25.0,25.0,25.0,10.0,8.6,0.0,0.0,0.0,0.0,0.0,0.0,0.0,0.0,0.0,0.0,0.0,0.0,0.0
5370,10.0,4.8,0.0,0.0,0.0,0.0,0.0,0.0,0.0,0.0,0.0,0.0,0.0,0.0,0.0,0.0,0.0,0.0
5371,5.9,4.8,0.0,0.0,0.0,0.0,0.0,0.0,0.0,0.0,0.0,0.0,0.0,0.0,0.0,0.0,0.0,0.0
5372,1.4,2.7,0.0,0.0,0.0,0.0,0.0,0.0,0.0,0.0,0.0,0.0,0.0,0.0,0.0,0.0,0.0,0.0
5374,7.1,7.1,4.8,9.5,6.8,0.0,0.0,0.0,0.0,0.0,0.0,0.0,0.0,0.0,0.0,0.0,0.0,0.0
5375,3.0,0.0,0.0,0.0,0.0,0.0,0.0,0.0,0.0,0.0,0.0,0.0,0.0,0.0,0.0,0.0,0.0,0.0
5377,33.3,9.1,27.3,4.6,7.7,0.0,0.0,0.0,0.0,0.0,0.0,0.0,0.0,0.0,0.0,0.0,0.0,0.0
5380,0.0,0.0,0.0,0.0,0.0,0.0,0.0,0.0,0.0,0.0,0.0,0.0,0.0,0.0,0.0,0.0,0.0,0.0
5381,7.1,7.1,5.6,5.6,2.3,2.3,0.0,0.0,0.0,0.0,0.0,0.0,0.0,0.0,0.0,0.0,0.0,0.0
5389,33.3,1.0,0.0,0.0,0.0,0.0,0.0,0.0,0.0,0.0,0.0,0.0,0.0,0.0,0.0,0.0,0.0,0.0
5391,20.0,3.7,0.0,0.0,0.0,0.0,0.0,0.0,0.0,0.0,0.0,0.0,0.0,0.0,0.0,0.0,0.0,0.0
5395,100.0,0.0,0.0,0.0,0.0,0.0,0.0,0.0,0.0,0.0,0.0,0.0,0.0,0.0,0.0,0.0,0.0,0.0
5403,2.6,0.0,0.0,0.0,0.0,0.0,0.0,0.0,0.0,0.0,0.0,0.0,0.0,0.0,0.0,0.0,0.0,0.0
5405,4.3,0.0,0.0,0.0,0.0,0.0,0.0,0.0,0.0,0.0,0.0,0.0,0.0,0.0,0.0,0.0,0.0,0.0
5407,1.4,2.9,0.0,0.0,0.0,0.0,0.0,0.0,0.0,0.0,0.0,0.0,0.0,0.0,0.0,0.0,0.0,0.0
5410,0.0,0.0,0.0,0.0,0.0,0.0,0.0,0.0,0.0,0.0,0.0,0.0,0.0,0.0,0.0,0.0,0.0,0.0
5413,1.5,1.5,0.0,0.0,0.0,0.0,0.0,0.0,0.0,0.0,0.0,0.0,0.0,0.0,0.0,0.0,0.0,0.0
5415,0.0,0.0,0.0,0.0,0.0,0.0,0.0,0.0,0.0,0.0,0.0,0.0,0.0,0.0,0.0,0.0,0.0,0.0
5419,4.9,0.0,0.0,0.0,0.0,0.0,0.0,0.0,0.0,0.0,0.0,0.0,0.0,0.0,0.0,0.0,0.0,0.0
5427,0.0,0.0,0.0,0.0,0.0,0.0,0.0,0.0,0.0,0.0,0.0,0.0,0.0,0.0,0.0,0.0,0.0,0.0
5429,0.0,0.0,0.0,0.0,0.0,0.0,0.0,0.0,0.0,0.0,0.0,0.0,0.0,0.0,0.0,0.0,0.0,0.0
5430,0.0,0.0,0.0,0.0,0.0,0.0,0.0,0.0,0.0,0.0,0.0,0.0,0.0,0.0,0.0,0.0,0.0,0.0
5432,0.0,0.0,0.0,0.0,0.0,0.0,0.0,0.0,0.0,0.0,0.0,0.0,0.0,0.0,0.0,0.0,0.0,0.0
5433,0.0,0.0,0.0,0.0,0.0,0.0,0.0,0.0,0.0,0.0,0.0,0.0,0.0,0.0,0.0,0.0,0.0,0.0
5435,0.0,0.0,0.0,0.0,0.0,0.0,0.0,0.0,0.0,0.0,0.0,0.0,0.0,0.0,0.0,0.0,0.0,0.0
5442,0.0,0.0,0.0,0.0,0.0,0.0,0.0,0.0,0.0,0.0,0.0,0.0,0.0,0.0,0.0,0.0,0.0,0.0
