RaceID,Date,Lesson,Venue,Weather,WindLevel
20260302_下関_1,2026-03-02,教訓: 高番号モーターの潜在的な能力が予測を超える可能性を認識し、天候や展開の影響を考慮したモデル構築の重要性。,,,
20260302_下関_10,2026-03-02,教訓: レースの展開や風などの不可抗力が結果を大きく左右し、安定感のある予測も覆されることあるため、将来の分析ではこれらの要素をさらに重視する必要がある。,,,
20260302_下関_11,2026-03-02,教訓: モーター性能や安定感だけでなく、レース中の展開や風の影響、選手の臨場表現も含めた多様な要素が結果を左右するため、データ分析に加えて現場状況の考慮が重要である。,,,
20260302_下関_12,2026-03-02,「教訓: 安定選手もレース展開や風の影響で波乱が生じることがあるため、リスク管理とレース中の状況変化への対応が重要。」,,,
20260302_下関_2,2026-03-02,教訓: 本命艇の安定感を過信せず、波乱要素である風や展開、モーター性能にも考慮が必要だった,,,
20260302_下関_3,2026-03-02,教訓: 波乱展開の可能性を過小評価し、安定感にばかり注力していたため、予測外の結果が出た。,,,
20260302_下関_4,2026-03-02,教訓: 吉島祥之の安定感が過信され、波乱要素や展開・風の影響で予想外の結果が出たため、今後の予測モデルにレース中の不可測要素への配慮を強化する必要がある。,,,
20260302_下関_5,2026-03-02,教訓: 風や展開の不測因素が安定したモーター性能以上に影響を及ぼす可能性がある。,,,
20260302_下関_6,2026-03-02,教訓: 風や展開の影響を考慮せず、安定した選手に過信していたため、意表を突く結果が生じた。,,,
20260302_下関_7,2026-03-02,教訓: 安定感のある選手の予想よりも展開や風などの外部要因が結果を大きく左右するため、予測時にもっと柔軟性と外部要因への配慮が必要であった。,,,
20260302_下関_8,2026-03-02,「教訓: 村越篤選手以外にも中越博紀や杉山喜一選手が上位争いをする可能性を考慮すべきだった。」,,,
20260302_下関_9,2026-03-02,「教訓: モーター性能だけでなくレース展開や天候要因も重要視する必要がある」,,,
20260302_丸亀_1,2026-03-02,教訓: 展開や天候等の不可測要素が優勝艇決定に影響を及ぼす場合があるため、モーター機力だけでなく全体的なレース展開も考慮する必要性がある。,,,
20260302_丸亀_10,2026-03-02,教訓: 安定感のある選手の予測に加えても、レース中の展開や環境要因（風、潮等）が結果を大きく左右するため、これらの要素も考慮した多角的な分析が重要です。,,,
20260302_丸亀_11,2026-03-02,教訓: 最大の安定感を誇る吉永が4着と凡庸な結果となり、レース展開や風などの外的要因が予想通りには働かなかったことを学んだ。,,,
20260302_丸亀_12,2026-03-02,教訓: 風や潮の状況をはじめとするレース当日の展開が予測を超えるほどの影響を与え、上位艇以外にもチャンスがあったことを学びました。,,,
20260302_丸亀_2,2026-03-02,教訓: 環境要因や展開予測に不備があるため、安定した選手よりも状況適応力のある選手が優る可能性を考慮する必要がある。,,,
20260302_丸亀_3,2026-03-02,教訓: 吉永則雄の安定感が過信され、予測外の波乱展開や風などの環境要因により想定外の結果となったため、予測モデルに未然に防げる要素を見落としていた。,,,
20260302_丸亀_4,2026-03-02,教訓: 高田明の高性能モーターにもかかわらず、小野信樹の有利なスタート位置とレース展開で1着を奪われた。,,,
20260302_丸亀_5,2026-03-02,「教訓: 優勝艇の予測に過信せず、穴予想にもメリハリをつけた買い方がベター」,,,
20260302_丸亀_6,2026-03-02,教訓: AIの予測に過信せず、レース当日の状況や機械トラブル等を考慮した柔軟な戦略が重要である。,,,
20260302_丸亀_7,2026-03-02,「教訓: 安定感とモーター性能だけでなく、展開や外部条件が優勝を左右するため、予測時にこれらの要素も考慮すべきだった。」,,,
20260302_丸亀_8,2026-03-02,教訓: AIの予測はモーター性能に過剴りに着目し、自然条件や展開の影響を考慮不足していた。,,,
20260302_丸亀_9,2026-03-02,教訓: 波乱の可能性を過小評価し、安定感のある艇に偏重した予測は失敗。展開や天候、機力の不一致が結果を左右するため、多様な要素を考慮することが必要。,,,
20260302_児島_1,2026-03-02,教訓: モーター性能や展開、風などの外部要因が予測以上に影響を及ぼし、特にモーター番号の大きい選手が好結果を出す可能性があることを学んだ。,,,
20260302_児島_10,2026-03-02,教訓: 最有力艇の安定性と波乱展開リスクを考慮しても、統計的優位性が結果に反映される場合がある。,,,
20260302_児島_11,2026-03-02,教訓: 山田康二選手の安定感不足と外部要因（風や展開）の影響により、予測通りの結果が出なかったため、レース当日の状況に即した柔軟な対応が不可欠である。,,,
20260302_児島_12,2026-03-02,教訓: 展開や天候等の不可抗力が艇の性能以上に影響し、安定した選手も思わぬ結果となったため、今後は現場環境のリアルタイムデータを取り入れることが重要。,,,
20260302_児島_2,2026-03-02,教訓: 波乱展開や外的要因（風やコース取り）が予想通りに働かなかったため、安定感のある選手も思わぬ結果となることがある。,,,
20260302_児島_3,2026-03-02,教訓: 波乱要素や環境条件の影響を考慮しないと安定した分析ができない。,,,
20260302_児島_4,2026-03-02,「教訓: モーター性能だけでなく、展開や風などの外部要因も考慮した予測が重要」,,,
20260302_児島_5,2026-03-02,教訓: 高確率予測にもかかわらず優勝以外の結果となったため、モーターパフォーマンスや展開、風などの外部要因を考慮したモデル構築が重要。,,,
20260302_児島_6,2026-03-02,「教訓: 安定感のある艇よりもモーター性能が優れる艇の方がレース当日は有利であったことを学んだ。」,,,
20260302_児島_7,2026-03-02,教訓: 波乱要素や展開の不測性が予測を超える場合があるため、AIの分析に加え、レース当日の状況を考慮する必要がある。,,,
20260302_児島_8,2026-03-02,教訓: 波乱の可能性を秘めた選手や展開・風等の外部要因に過小評価していたため、予測外の結果が発生した。,,,
20260302_児島_9,2026-03-02,教訓: モーター機力や展開の不確定要素を考慮せず、安定感のみに依存した予測が不的中となり、未評価だった6号艇の潜在能力が表面化した。,,,
20260302_大村_1,2026-03-02,教訓: 高性能モーターと選手の安定感に過信し、波乱の可能性を考慮不足したため、当日の展開や風況等により予想外の結果が出た。,,,
20260302_大村_10,2026-03-02,教訓: モーター性能や安定感に加え、レース中の展開や環境条件（風や潮流）が勝敗を左右する可能性があるため、予測時にもっとも考慮すべき要素である。,,,
20260302_大村_11,2026-03-02,教訓: 山下大輝のモーター性能やレース展開、天候等が予測と乖離し、1号艇以外が上位を占めたため、信頼性の高いモーター番号だけで判断するのではなく、全体的な要因を考慮すべきだった。,,,
20260302_大村_12,2026-03-02,「教訓: 勝率だけでなく当日のモーター性能や展開、風などの外的要因を考慮する必要がある。」,,,
20260302_大村_2,2026-03-02,教訓: 西川選手の安定感やモーター性能に加え、レース展開や天候要因も考慮せねばならないことがわかった。,,,
20260302_大村_3,2026-03-02,教訓: AIはモータースペックに過信し、レース展開や選手の技術を考慮不足したため予測精度が劣った。,,,
20260302_大村_4,2026-03-02,「教訓: モーター機力以外にも展開や風の影響が大きく、AIの予測に限界があることを学びました。」,,,
20260302_大村_5,2026-03-02,教訓: 数学者の分析以外の不可測要因（風や展開）が結果を大きく左右するため、データだけでなく現場状況にも敏感に対応すべし。,,,
20260302_大村_6,2026-03-02,教訓: AIの予測精度向上にはモーター性能以外の要素や展開、風などの外部要因も考慮すべきだった。,,,
20260302_大村_7,2026-03-02,「教訓: モーター性能だけでなく、レース当日の展開や風の影響を考慮しないと予測が外れる場合がある。」,,,
20260302_大村_8,2026-03-02,教訓: 高パフォーマンスモーターと安定感のある1号艇が優勝した予測は的中したが、3着予想の6号艇が4号艇に代わったのは、展開や風の影響を考慮せずにモーターパフォーマンスのみで判断していたため。,,,
20260302_大村_9,2026-03-02,教訓: AIはモーター性能やランキングに限界があり、レースの展開や風などの環境要因を考慮しなければならない。,,,
20260302_尼崎_1,2026-03-02,教訓: 予測よりも結果が下位となった艇は機力以外にレース展開や環境要因が影響しているため、今後はこれらの要素を含めた分析体制を強化する必要がある。,,,
20260302_尼崎_10,2026-03-02,「教訓: 風やレース展開の不確定要素が結果に大きな影響を与えたため、AIの予測精度向上にはこれらの要素を考慮する必要がある。」,,,
20260302_尼崎_11,2026-03-02,教訓: レースの安定感やモーター性能に加え、天候や展開、選手の臨場パフォーマンスも考慮する必要がある。,,,
20260302_尼崎_12,2026-03-02,教訓: 最高のモーター性能と安定感があっても、予測不能なレース展開やコースミスは勝利を左右する。,,,
20260302_尼崎_2,2026-03-02,教訓: 安定感のある選手も展開や天候などの外部要因に影響を受けるため、予測モデルに実시간際的な要素を取り入れることが必要です。,,,
20260302_尼崎_3,2026-03-02,教訓: レース中の展開や天候等の不可測な要素が結果に大きく影響し、安定感よりも臨機/日本語,,,
20260302_尼崎_4,2026-03-02,「教訓: レース中の不可測な要因（トラブル、風、展開）が予測を覆すため、人的要素と機械的分析のバランスが不可欠。」,,,
20260302_尼崎_5,2026-03-02,教訓: 松村敏の安定感が過信されたため、モーター性能や展開、風などの外部要因に脆弱であった事が敗因となった。,,,
20260302_尼崎_6,2026-03-02,教訓: 外部要因や展開の不測性を考慮せずにトップ争いを制するシナリオに過信していたため、予想外の結果が生じた。,,,
20260302_尼崎_7,2026-03-02,教訓: AIは安定感のある選手を重視したが、波乱可能性のある選手の実力や展開・風などの外的要因を十分に考慮せず、予測と結果に乖離が生じた。,,,
20260302_尼崎_8,2026-03-02,教訓: 艇の機力や展開・風などの外部要因を過小評価していたため、安定感のある選手よりも機力や展開に左右される結果が発生した。,,,
20260302_尼崎_9,2026-03-02,教訓: 中島選手の安定感が過信され、予測外の波乱や風などの影響を考慮不足していた。,,,
20260302_常滑_1,2026-03-02,「教訓: レース中の展開や風の影響が大きく、AIのデータ分析だけで完全には予測できないため、現場での判断や環境要因を考慮する必要がある。」,,,
20260302_常滑_10,2026-03-02,教訓: 安定感のある選手に依存するだけでなく、展開や風などの外部要因を考慮することが必要だった,,,
20260302_常滑_11,2026-03-02,教訓: 風やレース展開の影響が大きく、モーター性能だけで勝負を予測するのは難しい。,,,
20260302_常滑_12,2026-03-02,教訓: 高性能モーターと安定感のある選手も波乱展開や風などの外的要因、あるいは自艇の判断ミスにより結果が予測通りでなかったため、常に状況に応じた柔軟な対応が必要。,,,
20260302_常滑_2,2026-03-02,教訓: 安定感のある選手に過信せず、レース当日の展開やモーター性能に注意を払う必要がある。,,,
20260302_常滑_3,2026-03-02,教訓: 風況や展開予測不足が優勝候補の期待値を覆す可能性がある。,,,
20260302_常滑_4,2026-03-02,「教訓: 高勝率と安定感を重視しても、レース展開やモーター性能の見誤りが優勝艇の予測に影響を与える場合がある。」,,,
20260302_常滑_5,2026-03-02,「教訓: AIの予測よりも外部要因（モーター性能、展開、風など）が結果を左右するため、データ分析に加え現場状況の考慮が必要。」,,,
20260302_常滑_6,2026-03-02,教訓: 波乱展開が発生しなかったため、安定感のある艇の性能に過信せず、風や水温などの外部要因にもっと注意を払うべきだった。,,,
20260302_常滑_7,2026-03-02,教訓: モーター番号だけでなく選手の現場での判断とレース展開が予測を超える場合があるため、AIモデルに風や波などの外部要因を考慮させる必要がある。,,,
20260302_常滑_8,2026-03-02,教訓: モーター性能やレース展開、天候などの不可測要因が予想外に影響し、トップ争いの予測が不的中した。,,,
20260302_常滑_9,2026-03-02,「教訓: 予測に過信せず、展開や風の影響を考慮した上で買い目の見直しが必要。」,,,
20260302_平和島_1,2026-03-02,教訓: 競艇の機力やレース展開、天候等の不測要因が予想以上に影響を及ぼし、上位期待選手以外にもチャンスがあることを認識する必要がある。,,,
20260302_平和島_10,2026-03-02,教訓: 風や展開の影響を考慮せず、モーター性能以外の要素に過信していたため予測精度が低下した。,,,
20260302_平和島_11,2026-03-02,教訓: 本命艇の安定感が崩れやすいことを認識し、モーター性能や展開リスクへの敏感な反応を強化する必要がある。,,,
20260302_平和島_12,2026-03-02,教訓: 永田選手の安定感が崩れてしまったのか、もしくは竹田選手や河村選手のパフォーマンスが予測よりも良かったことが要因となった。,,,
20260302_平和島_2,2026-03-02,教訓: 風や展開の影響を考慮したリアルタイムデータの必要性,,,
20260302_平和島_3,2026-03-02,教訓: 数理的分析よりも展開やモーター性能などの現場要因が優勝決定に影響を与えることが判明した。,,,
20260302_平和島_4,2026-03-02,教訓: 安定感のある選手の予測にも 불구하고 외部 요인（모터 출력 오류나 경기 전개・바람 등）이 결과를 크게 영향 미칠 수 있음을 인식해야 한다.,,,
20260303_芦屋_10,2026-03-03,「教訓: 素早い出艇や展開の読みが結果に大きく影響し、安定感のある選手だけでなく、レース中の急展開にも注意が必要であった。」,,,
20260303_児島_2,2026-03-03,教訓: AIは展開予想やモーター機力に限界があり、風や展開の不測性を考慮しないと高額払戻が期待できない。,,,
20260303_平和島_8,2026-03-03,教訓: 予測が的中したのは、各艇のモーター性能とドライバーの技術を考慮し、最適な展開予想ができていたため。,,,
20260303_江戸川_12,2026-03-03,「教訓: 展開や風などの外部要因に敏感になる必要がある」,,,
20260303_徳山_2,2026-03-03,教訓: 実際の結果と予測との乖離は、展開や風などの外部要因に加え、モーター機力の見誤りが影響を及ぼす可能性があるため、データ分析モデルに不可視だった要素への敏感な反応を学習させる必要がある。,,,
20260303_児島_6,2026-03-03,教訓: AIはモーター性能や過去の実績に過信し、展開予想や風などの外部要因を考慮不足していた。,,,
20260303_芦屋_9,2026-03-03,教訓: 税田祥の安定性に依存度过大だったため、思わぬ展開（風やコース状況）に弱かった。,,,
20260303_蒲郡_2,2026-03-03,教訓: AIの予測に反して6号艇が3着に入ったため、風や水域状況などの環境要因や選手の状態変化を考慮する必要がある。,,,
20260303_平和島_12,2026-03-03,教訓: 風や水の状況、ドライバーの戦略、またはモーター以外の要素が予測を超える可能性を考慮すべき。,,,
20260303_若松_3,2026-03-03,教訓: 展開予想通りに安定した走りが出来なかったため、風やコース状況、選手の判断ミス等が影響した可能性がある。,,,
20260303_児島_3,2026-03-03,教訓: モーター性能の見積もり不足やレース中の展開（風やコース状況）が予測を覆すこともあるため、モーターランキングとレースリズムの両面をより精緻に分析する必要がある。,,,
20260303_若松_9,2026-03-03,教訓: モーター性能と勝率だけで選手のパフォーマンスを予測するのは限界があり、展開や風などの環境条件、または選手の臨場感も考慮する必要がある。,,,
20260303_蒲郡_11,2026-03-03,教訓: AIは安定感のある選手を重視したが、展開や風などの不可抗力により予想外の結果になったため、現場状況への敏感な反応と要素の考慮が必要。,,,
20260303_徳山_9,2026-03-03,教訓: モーター番号やランキングに加え、レース当日の展開や風などの外部要因を考慮することが重要である。,,,
20260303_福岡_2,2026-03-03,教訓: 予測に反する結果は、安定した走りを期待した5号艇の不発や、3号艇の意外な好パフォーマンス、または展開時の風などの外部要因による影響が考えられる。,,,
20260303_江戸川_9,2026-03-03,教訓: AIの予測に死角があったため、未予想の1号艇が優勝した点を考慮し、モーターパフォーマンス以外の要素や展開時の要因を含むべき。,,,
20260303_蒲郡_6,2026-03-03,教訓: 優勝艇の予測精度を高めるためには、モーター機力に加え、レース当日の展開や外的要因（風等）も考慮する必要がある。,,,
20260303_福岡_9,2026-03-03,教訓: AIはモーター性能や展開予想に限界があり、レースの不確定要素（天候、事故等）を考慮せずに過信していたため、予測と結果が乖離した。,,,
20260303_芦屋_4,2026-03-03,教訓: モーター性能だけでなく、展開や天候、選手の状態など多様な要因を考慮する必要がある。,,,
20260303_蒲郡_10,2026-03-03,教訓: AIは高性能モーター搭載艇を過信し、展開予想と結果の乖離が生じたため、レース中の風や選手状態等の不可測要因に敏感になる必要がある。,,,
20260304_若松_1,2026-03-04,「教訓: 実際の展開や風などの不可測要素が結果を左右し、AIモデルが考慮しきれなかった点に注意が必要です。」,,,
20260304_丸亀_3,2026-03-04,教訓: 競走馬3番の期待値が過大評価されていたか、またはレース中の展開や天候等の外部要因により、予測よりも安定感のある選手である1番が入ってしまった可能性があるため、モデルに展開や環境要素を考慮する必要がある。,,,
20260304_丸亀_1,2026-03-04,教訓: 高モータースペードでも安定感とコース取りが重要で、予想外の展開があったため、モーター性能以外の要素も考慮すべき。,,,
20260304_平和島_5,2026-03-04,教訓: 1号艇の安定感を過信したため、波乱が起きた際に対応できなかった。,,,
20260304_尼崎_1,2026-03-04,教訓: 外部要因や展開の不可測性が予測を超える可能性を考慮する必要がある。,,,
20260304_芦屋_10,2026-03-04,教訓: AIの予測モデルが展開や天候、モーター性能などの多様な要素を完全に捉えることができていないため、安定した買い目に繋げることが難しい。,,,
20260304_丸亀_12,2026-03-04,教訓: モーター性能や展開予想に加え、風や水の状況等の外部要因を考慮した予測モデルの必要性が明らかになった。,,,
20260304_丸亀_11,2026-03-04,教訓: 風やコース展開の影響により安定感のある選手も思ったほど活躍できない場合があるため、外部要因への配慮を強化すべき。,,,
20260304_芦屋_5,2026-03-04,教訓: AIの予測に限界あり、展開や天候等の不可測要因を考慮したリスク管理が重要,,,
20260304_若松_12,2026-03-04,教訓: AIは機力や展開予想に過信し、現場の状況や風等の要素を考慮不足していたため、予測と結果が大きく異なった。,,,
20260304_若松_9,2026-03-04,「教訓: モーター番号に過信せず、展開や風の影響も考慮したモデル構築が重要」,,,
20260304_尼崎_5,2026-03-04,教訓: モーター性能やランクだけでなく、レース展開や風などの外部要因を考慮することが重要。,,,
20260304_徳山_12,2026-03-04,教訓: 高モーター性能艇の安定感を過信せず、レース中の展開や環境要因に敏感に対応することが必要。,,,
20260304_住之江_5,2026-03-04,「教訓: モーター性能だけでなく、選手の潜在能力やレース展開・風などの外部要因にも敏感に反応する必要がある。」,,,
20260304_尼崎_10,2026-03-04,教訓: 高信頼度の本命艇と上位艇が予測通りとなったため、AIの分析力は高いが、モーター性能や展開・風等の外部要因を考慮した上で更なる精度向上を目指す必要がある。,,,
20260304_住之江_3,2026-03-04,教訓: モーター性能だけでなく、展開や外部環境（風等）も予測に影響を与えるため、システムではこれらの要素も含め込んだ多様なデータを活用する必要がある。,,,
20260304_徳山_5,2026-03-04,教訓: 本命候補に期待していた楠原翔太が思うように伸びなかったため、3号艇の岩崎正哉や沼田大都が活躍し、展開予想を裏切る結果となった。,,,
20260304_蒲郡_3,2026-03-04,教訓: 予想外の1号艇優勝と4号艇2着の結果は、モーター性能や展開予測に不備があったため。,,,
20260304_徳山_11,2026-03-04,教訓: 本命艇以外にも安定感のある艇の存在を考慮すべきであった,,,
20260304_平和島_1,2026-03-04,教訓: AIの予測に過信せず、レース展開や風などの環境要因を考慮した上で、選手の安定感と機力のバランスを見極める必要がある。,,,
20260304_丸亀_4,2026-03-04,教訓: AIの予測に比べて、風や展開の影響が大きく、安定した選手よりも状況に応じた調整力のある選手が活躍する可能性を考慮すべき。,,,
20260304_福岡_2,2026-03-04,教訓: 展開予想だけで勝負するのは危険で、モーター番号やコースコンディションの影響をもっと考慮すべきだった。,,,
20260304_若松_2,2026-03-04,教訓: AIは6号艇の可能性を過高地評価し、4号艇北中元樹の安定感を見過ごしていた。,,,
20260304_芦屋_11,2026-03-04,教訓: モーター性能や安定感に加え、展開や風などの外部要因も考慮する必要がある。,,,
20260304_尼崎_2,2026-03-04,教訓: モーター機力だけでなく、レース中の展開や天候、コース状況も重要な要素であるため、予測モデルにこれらの影響を考慮する必要がある。,,,
20260304_びわこ_5,2026-03-04,「教訓: モーター性能や展開予想に限界があり、荒れ模様の影響を考慮せずにはならない。」,,,
20260304_尼崎_3,2026-03-04,「教訓: モーター番号と勝率だけでなく、当日の展開やコンディションが結果に大きく影響するため、それらも含めた多面的な分析が必要である。」,,,
20260304_びわこ_6,2026-03-04,教訓: AIが予測した本命艇以外に優勝艇が出たため、外部要因（風、展開）やモーター機力の見積もり不足を考慮する必要がある。,,,
20260304_びわこ_1,2026-03-04,教訓: 高期待値のヒモ荒れ可能性を見極める際に、風や展開の不確定要素を考慮すべきだった,,,
20260304_芦屋_9,2026-03-04,「教訓: 高田ひかる以外の選手がレース中盤以降で卓越した性能を発揮し、特に5番艇が安定感のある走りとモーター性能で抜け出す事が予測されなかったため、展開予想に風やコース状況の要素が不足していた。」,,,
20260304_児島_5,2026-03-04,「教訓: 高モーターファン번호だけで判断せず、レース展開や天候を含む全体的な状況を勘案することが重要である。」,,,
20260304_びわこ_4,2026-03-04,教訓: 安定感のある選手への過信ではなく、全体的な展開や風の影響を考慮した多様な予測が求められる,,,
20260304_びわこ_2,2026-03-04,教訓: AIはモーター機力や展開の予測に不十分な点があったため、艇速と風の影響を考慮する必要がある。,,,
20260304_芦屋_12,2026-03-04,教訓: モーター性能だけでなく、当日の展開や天候、選手のコンディションなど外部要因も重要視すべき。,,,
20260304_浜名湖_2,2026-03-04,教訓: 展開や風などの外部要因による影響を過小評価していたため、安定感のある選手や勝率だけで予測した結果、期待通りの順位が出なかった。,,,
20260304_住之江_7,2026-03-04,教訓: 安定したスタートとモーター性能が的中を導いた,,,
20260304_福岡_12,2026-03-04,教訓: モーター番号やランクだけでなく、展開や風などの外部要因を考慮した予測モデルの必要性が改めて認識された。,,,
20260304_徳山_9,2026-03-04,教訓: モーター機力だけでなく、展開や風の影響を含めた複合的な要素が結果を左右するため、AIモデルでの重み付けを見直す必要がある。,,,
20260304_福岡_6,2026-03-04,教訓: 石川諒の安定感とモーター性能の重要性を考慮せず、風や水の状況、及び選手の当日のパフォーマンスが予測以上に影響したため、展開予想と買い目の精度向上にはモータースペックと当日のレース環境への敏感な反応が不可欠。,,,
20260304_福岡_1,2026-03-04,教訓: 渡邉翼選手の高勝率にもかかわらず、予想外の展開や天候、風などの影響が重なった可能性があるため、将来的にはより多様な要素を考慮したモデル構築が必要。,,,
20260304_若松_8,2026-03-04,教訓: 山田晃大（2号艇）のモーター性能を見誤ったが、コース取りやスタート位置の利点を考慮すべきだった。,,,
20260304_蒲郡_10,2026-03-04,教訓: 主力選手の安定感が強く、予測通りに1-2-3が揃ったことで高額配当を得られなかった。,,,
20260304_児島_9,2026-03-04,教訓: 競艇のレース展開や天候、選手のパフォーマンス変化は予測困難であり、AIモデルに未考慮な要素が結果を左右する場合があるため、動的なデータを取り入れることが重要である。,,,
20260304_丸亀_9,2026-03-04,教訓: 風や海流等の自然条件や展開予想を含め、安定感のある艇に加え、軽量艇の潜在能力も考慮する必要がある。,,,
20260304_蒲郡_9,2026-03-04,教訓: 展開予想とモーター性能に加え、レース中の展開や環境条件（風、潮流等）の影響を考慮する必要がある。,,,
20260304_児島_4,2026-03-04,「教訓: 高い勝率選手のトップ争い予想は風やコース状況によってもモーター性能が影響しやすいため、ヒモ荒れや追い上げを考慮した買い目設計が重要。」,,,
20260304_浜名湖_1,2026-03-04,教訓: 高勝率艇の安定性を見込んでいたが、予想外の展開と外部要因（風等）により低勝率艇が入ってきたことを考慮すべき。,,,
20260304_徳山_6,2026-03-04,教訓: 本命艇の安定性に過信せず、展開や風などの外的要因に敏感になるべきだった。,,,
20260304_浜名湖_10,2026-03-04,教訓: 予測通りに順当な決着だったため、今後の参考とするためには、モーター機力や展開、風などの外部要因をさらに考慮する必要がある。,,,
20260305_住之江_9,2026-03-05,「教訓: モーター性能と過去の勝率だけでなく、当日の展開や風などの環境要因を考慮することが重要である。」,,,
20260305_住之江_6,2026-03-05,教訓: モーター番号やランキングだけでなく、風や展開の不可測要素が結果を左右するため、AIはそうした外部要因を考慮すべき。,,,
20260305_住之江_11,2026-03-05,「教訓: モーター性能だけでなく、展開や風況、選手のexterityも重要なため、予測モデルに不可測要素を含む必要がある。」,,,
20260305_平和島_1,2026-03-05,教訓: AIの予測に限界あり、展開や風等の不可測要因が大きく影響するため、モーター性能だけでなくリアルタイムな展開分析も必要。,,,
20260305_住之江_12,2026-03-05,「教訓: モーター数値の高さだけで判断せず、展開や風の影響をより考慮する必要がある。」,,,
20260305_浜名湖_12,2026-03-05,教訓: 舟番やモーター性能への過信ではなく、展開や風の影響を考慮した柔軟な予測が不可欠,,,
20260305_丸亀_3,2026-03-05,教訓: モーター性能や過去実績以外に、展開や風などの外的要因を考慮する必要がある。,,,
20260305_芦屋_11,2026-03-05,教訓: 展開予想とモーター番号以外に、風や波等の外部要因、あるいは選手たちの臨場感が結果を左右するため、AIモデルに未考慮な要素への配慮が必要。,,,
20260305_丸亀_6,2026-03-05,「教訓: 安定した走りとコース管理能力が高い選手が優位であり、風やモーター機力の影響を考慮してもトップ争いができることが分かる。」,,,
20260305_尼崎_3,2026-03-05,教訓: 稳定性分析に加え、展開や天候要因を考慮する必要がある。,,,
20260306_唐津_2,2026-03-06,教訓: 展開予想や安定感だけでなく、風やモーターの性能も考慮し、買い目の組み合わせを柔軟にすることが必要だ。,,,
20260306_芦屋_7,2026-03-06,教訓: モーター番号だけでなく、レース展開や風の影響を考慮した予測モデルの必要性が改めて認識された。,,,
20260306_住之江_6,2026-03-06,「教訓: 展開や風の状況が艇の挙動に大きく影響し、安定感よりも機力とexterityのバランスが重要だった。」,,,
20260306_蒲郡_9,2026-03-06,「教訓: 舟のモーター性能以外に、当日の風や海流などの自然条件、選手の安定感がレース結果に大きく影響するため、予測時にはこれらの要素をさらに考慮する必要がある。」,,,
20260306_住之江_7,2026-03-06,教訓: 穴要素と展開の不確定性が予測を超える場合があるため、モータースピード以外にもコース取りや艇体性能に注力すべき。,,,
20260306_桐生_8,2026-03-06,教訓: 風や展開の影響を考慮せず、安定した選手への過信が 결과를 예상치 못하게 만들었음을 인식했다.,,,
20260306_桐生_3,2026-03-06,教訓: AIの予測に過信せず、当日の状況や展開を考慮した多角的な分析が不可欠である。,,,
20260306_平和島_4,2026-03-06,「教訓: 本命と安定感のある選手の評価に加え、波乱要因となる選手への配慮が不可欠であることが分かる。」,,,
20260306_若松_10,2026-03-06,教訓: モーター番号とランキングだけで判断せず、レース中の展開や天候等の要素も考慮することが重要。,,,
20260306_児島_12,2026-03-06,教訓: モーター性能や安定感だけでなく、展開や風などの外部要因を考慮した予測モデルの重要性が改めて認識された。,,,
20260307_住之江_12,2026-03-07,教訓: モーター番号だけでなく、スタート時の位置取りや風の影響を考慮する必要がある。,,,
20260307_びわこ_7,2026-03-07,教訓: モーター性能だけでなく、コース展開や風の影響など外部環境も重要で、安定感よりもトップ争いができる艇に注力すべき。,,,
20260307_宮島_3,2026-03-07,教訓: 競艇のレースでは、モーター性能や過去の勝率だけでなく、スタートダッシュや展開、天候（風）などの外部要因も重要であり、これらの要素を総合的に考慮することが必要だ。,,,
20260307_宮島_5,2026-03-07,「教訓: 安定感のある艇に過信せず、モーター速度と展開の影響を考慮した買い方が必要だった。」,,,
20260307_若松_8,2026-03-07,「教訓: AIの予測モデルは安定した選手を重視し過ぎており、展開や意外性のある要素への配慮が不足していた。」,,,
20260307_若松_11,2026-03-07,「教訓: 上位艇が多い大会では波乱要素を見込みつつも、安定感のある本命艇と穴艇のバランスが重要だった。」,,,
20260307_宮島_4,2026-03-07,「教訓: 船舶の性能や展開時の状況（風や潮流等）を考慮したモデルの重要性を認識し、予測精度向上に向けたさらなる分析が求められる。」,,,
20260307_唐津_4,2026-03-07,教訓: 高性能モーターだけでなく、展開や風等の外的要因を考慮せずにはならない。,,,
20260307_児島_8,2026-03-07,教訓: 風や展開の不測な影響を含む動的な要素に敏感になる必要がある。,,,
20260308_びわこ_6,2026-03-08,教訓: モーター速度だけでなく、当日の展開や風などの外的要因を考慮することが必要であった。,,,
20260308_尼崎_2,2026-03-08,教訓: AIはモーターの性能や展開予想に過信しすぎており、実際のレースでは風や選手の状態などの不可測要素が影響するため、多様な要因を考慮したモデル構築が必要。,,,
20260308_常滑_11,2026-03-08,教訓: モーター機力や選手の安定性に過信せず、展開や風などの外部要因にも敏感な反応を心掛けなければならない。,,,
20260308_尼崎_4,2026-03-08,教訓: AIの予測は安定感のある馬を重視したが、モーター性能や展開以外にも風や海流などの外部要因やレース中の戦略的展開が結果を左右するため、モデルに未考慮な要素が多いことが原因。,,,
20260308_住之江_8,2026-03-08,「教訓: 展開や風の影響で順位が入れ替わるリスクを考慮する必要がある。」,,,
20260308_唐津_9,2026-03-08,「教訓: レースの展開や風などの外部要因を考慮せず、モーター性能だけで判断すると予測と結果が乖離するため、 변수인자까지 고려해야 한다.」,,,
20260308_大村_5,2026-03-08,教訓: 外部要因や展開の不可測性が予測を超えるため、モーターパフォーマンス以外にも風や選手の判断を考慮すべき。,,,
20260308_尼崎_3,2026-03-08,教訓: AIの予測と結果の乖離はモーター性能以外の要素（コース展開や風）が大きいことを示唆する。,,,
20260308_尼崎_8,2026-03-08,教訓: AIの予測はモーター性能や勝率に依存しすぎており、風や展開などの不可測要因を考慮不足しているため、モデルにリアルタイムな環境データを取り入れることが重要。,,,
20260308_尼崎_5,2026-03-08,教訓: 展開予想に風やモーター性能の不確定要素を考慮不足し、穴艇が台頭したため買い目に反映されなかった。,,,
20260309_桐生_12,2026-03-09,教訓: 高勝率艇の予測に過信せず、天候や展開、機材状況等の外部要因を考慮すべき。,,,
20260309_桐生_10,2026-03-09,「教訓: AIは安定感のある艇を重視したが、モーター性能の見積もり不足や展開不測によって1号艇が優勝し、3号艇が2着となった。」,,,
20260309_三国_11,2026-03-09,教訓: モーター性能やレース展開、天候などの不可視要因が結果を左右しやすく、安定した買い目だけで勝負するのはリスクがある。,,,
20260309_江戸川_4,2026-03-09,「教訓: モーター性能だけでなく、当日の展開や選手の安定感も重要視する必要がある。」,,,
20260309_三国_5,2026-03-09,「教訓: 荒れたコースでは安定感よりも適応力と荒れ勘が勝るため、展開や風等の外部要因を考慮すべきだった。」,,,
20260309_尼崎_8,2026-03-09,「教訓: モーター性能に加え、ランキングとスタッIRSTATSのバランスが結果を左右し、穴艇の可能性も考慮すべきだった。」,,,
20260309_江戸川_10,2026-03-09,「教訓: 小原選手以外にも波乱の可能性が高い選手が予想通り活躍したため、安定感よりも全体的な展開を考慮する必要がある。」,,,
20260309_江戸川_1,2026-03-09,教訓: 高期待値選手が思うように伸びなかったため、モーターレイアウトや展開予想に加え、当日のコンディションや選手の状態を更に考慮する必要がある。,,,
20260309_戸田_12,2026-03-09,教訓: 風や水の状況、モーター性能の実際の働きに敏感になる必要がある。,,,
20260309_江戸川_7,2026-03-09,教訓: モーター性能だけでなく、当日の風やコース状況、選手の臨場感も重要視する必要がある。,,,
20260310_徳山_6,2026-03-10,「教訓: AIは展開予想とモーター番号だけで判断しすぎたため、実際のレース展開や風などの外部要因に敏感でなかった。」,,,
20260310_宮島_6,2026-03-10,教訓: 山本英志の安定感は過信せず、モーター性能や展開要因に注意が必要,,,
20260310_大村_4,2026-03-10,教訓: AIの予測に比べて、展開や選手の安定感が考慮不足だったため、波乱があった場合に対応できないシステムであった。,,,
20260310_平和島_2,2026-03-10,教訓: 高順位艇の期待値に過信せず、波乱要素や外部要因（風、レース展開）を考慮した予測モデルの必要性が重要。,,,
20260310_常滑_2,2026-03-10,教訓: モーター番号だけでなく、選手の技術やレース中の展開、事故リスクなども考慮する必要があります。,,,
20260310_尼崎_2,2026-03-10,教訓: モーター性能や過去の勝率だけでなく、レース当日の展開や風などの環境要因、そして各艇のレース中の判断が結果に大きく影響するため、データ分析時にはこれらの要素を考慮した予測モデル構築が重要。,,,
20260310_福岡_11,2026-03-10,教訓: 高ランク艇の集中が予測を裏切るリスクを考慮すべき。,,,
20260310_江戸川_4,2026-03-10,教訓: 予測した順位と実際の結果に乖離が生じたのは、展開予想やモーター機力だけでなく、当日の風や艇の状態など不可測な要素が影響を及めたため。,,,
20260310_江戸川_7,2026-03-10,教訓: 風や潮流などの外部要因に影響されることを考慮し、モーター速度以外の要素も重視する必要がある。,,,
20260310_尼崎_8,2026-03-10,教訓: モーター機力の見積もり不足や展開の不測により、予想外の結果が発生した可能性がある。,,,
20260311_戸田_1,2026-03-11,教訓: 安定感のある本命馬と意外性のある穴馬の組み合わせが功を奏したため、今後のAIは展開や選手の安定感だけでなく、風やモーター機力などの外部要因にもっと敏感であるべき。,,,
20260311_児島_7,2026-03-11,教訓: 機力予測よりも展開とレース中の状況判断の方が優先されるべきであった,,,
20260311_戸田_4,2026-03-11,教訓: 風や水の状況、または艇の相互作用が予測を超える可能性を考慮する必要がある。,,,
20260311_多摩川_6,2026-03-11,「教訓: 本命候補と拮抗が予想された2号艇と5号艇だが、レース展開やモーター性能の違いで5号艇が優勢となり、安定感のある1号艇が3番に入る以外は波乱があったため、全体的なレース展開を考慮する必要がある。」,,,
20260311_桐生_10,2026-03-11,教訓: 安定感のある艇の存在と展開・風等の要素が予測に影響を与え、モーター性能だけで勝率を判断できないことが示唆された。,,,
20260311_戸田_6,2026-03-11,教訓: 小番手艇の安定感よりも1番艇の機力と展開が優先される場合があるため、予測時にはモーター性能やレース展開をさらに考慮する必要がある。,,,
20260311_常滑_11,2026-03-11,教訓: AIの予測モデルがモーター性能や展開・風などの外部要因を十分に考慮していなかったため、本命艇が期待値通りに結果を出すことができず、穴艇の台頭があった。,,,
20260311_尼崎_9,2026-03-11,「教訓: 波乱要素のある選手の組み合わせが的中したが、安定感のある選手と波乱を秘めた選手のバランスが重要であることを再認識。」,,,
20260311_桐生_5,2026-03-11,教訓: 本命艇以外の選手の潜在能力やレース展開、天候などの不可測な要素を考慮する必要がある。,,,
20260311_大村_10,2026-03-11,「教訓: モーター性能以外にも展開や風等の外的要因が着順に影響するため、予測モデルにそうした不確実性を組み込む必要があります。」,,,
20260312_鳴門_7,2026-03-12,教訓: 高性能モーターを持つ艇の期待値が過高な場合があるため、展開や外的要因を考慮した多角的な分析が不可欠。,,,
20260312_桐生_10,2026-03-12,教訓: 高モーター値と勝率だけで判断せず、展開や選手の技能、スタートスピードなど 변수を考慮すべき。,,,
20260312_鳴門_10,2026-03-12,教訓: AIはモーター性能やランキングに過剛な信頼を置き、展開の不確定要素や機力の見積もり不足が予測誤差を生じた。,,,
20260312_戸田_5,2026-03-12,教訓: 高速艇の安定感と展開による意外性が予測以上に働いたため、推奨買い目に反して佐野優都(6号艇)が上位に入った。,,,
20260312_桐生_12,2026-03-12,「教訓: 高勝率馬が1着を取れなかったため、モーター性能やランキング以外の要素（展開、風等）をさらに考慮する必要がある。」,,,
20260312_戸田_2,2026-03-12,教訓: 荒木颯斗の安定感とモーター性能を過信し、波乱の要因となる選手への配慮が足りなかった。,,,
20260312_浜名湖_10,2026-03-12,教訓: 高モーター数だけでなく、風や展開の影響を考慮した予測モデルが重要。,,,
20260312_若松_4,2026-03-12,教訓: モーター機力だけでなく、レース中の展開や天候等の不確定要素が結果に大きく影響するため、予測モデルにこれらの要素を組み込む必要がある。,,,
20260312_福岡_4,2026-03-12,「教訓: モーターパフォーマンスだけでなく、展開や自然条件も重要で、これらを含む包括的な分析が必要。」,,,
20260312_桐生_9,2026-03-12,教訓: 荒れやすい展開予想は風やコース状況が予測以上に影響し、穴艇の的中があったためモーター性能以外の要素も考慮が必要。,,,
20260313_芦屋_11,2026-03-13,教訓: モーター性能だけでなく、レース中の展開や風の影響が大きいことを学び、予測モデルにこれらの要素を取り入れることが重要である。,,,
20260313_若松_5,2026-03-13,「教訓: 上位艇への過信ではなく、安定感のある艇と奇数艇のバランスを考慮すべきだった。」,,,
20260313_平和島_1,2026-03-13,教訓: 展開や風の影響で安定感のある艇が予想外の1着を取る場合があるため、モーター機力だけでなくレース展開の可能性も考慮する必要がある。,,,
20260313_鳴門_8,2026-03-13,教訓: モーター性能や選手のスキルだけでなく、レース中の展開や天候などの外部要因を考慮する必要がある。,,,
20260313_蒲郡_3,2026-03-13,「教訓: モーター性能だけでなく、当日の風やコース状況、運など不可測な要素も含めた全体的な展開を考慮することが重要。」,,,
20260313_鳴門_6,2026-03-13,教訓: AIの予測が成功した理由は、高田ひかるのモーター性能と楠原翔太の安定感を評価し、展開次第では波乱の可能性がある竹井貴史を抑えられたため。,,,
20260313_福岡_2,2026-03-13,教訓: 本命候補のエンジンパワーに過信せず、展開予想外の波乱要素や選手の技量不足を考慮すべき。,,,
20260313_芦屋_12,2026-03-13,教訓: 高性能モーターと安定したレース能力が結果を導いた,,,
20260313_大村_4,2026-03-13,教訓: AIは3号艇のモーター機力と選手の安定感を過信し、1号艇の潜在能力や展開における優位性を見逃した。,,,
20260313_浜名湖_3,2026-03-13,教訓: 艇の実際性能やレース展開の不可測性が予想以上に影響を及ぼしたため、AIモデルはモーターペリformanceや戦略的な要素を過小評価していた。,,,
20260314_鳴門_3,2026-03-14,教訓: モーター性能だけでなく、コース取りや天候条件、選手の戦略等が結果を左右するため、多様な要素を考慮した予測モデル構築が重要。,,,
20260314_びわこ_9,2026-03-14,教訓: AIが予測したモーター機力や展開予想は過信せず、現場の状況や風などの天候要素を考慮する必要がある。,,,
20260314_児島_5,2026-03-14,教訓: AIは展開予想に加え、モーター性能やスタートダッシュ力を重視したが、実際には風や機器故障などの不可測要因が結果を左右した。,,,
20260314_徳山_7,2026-03-14,教訓: 予測に含まれた艇が3番艇まで入ったことにより、荒れ要素が現れたため、穴艇の選択肢を広げる必要がある。,,,
20260314_鳴門_5,2026-03-14,「教訓: 結果に現れた波乱要素が予想を超えた為、外部要因（展開、風等）への配慮が不可欠」,,,
20260314_鳴門_8,2026-03-14,教訓: 高田ひかるのモーター性能が過高地評価され、展開や天候以外に風や水上の状況がレース結果に大きく影響したため、期待通りの成績を得ることができなかった。,,,
20260314_徳山_8,2026-03-14,教訓: 稳定したモーター性能とランクにもかかわらず、レース展開や風などの外的要因が優勝艇を変える可能性があるため、将来の分析ではこれらの要素も含めなければならない。,,,
20260314_尼崎_1,2026-03-14,教訓: モーターリンク番号ではなく選手の安定感と出艇タイミングが結果を左右するため、予測時にもっと考慮すべきだった。,,,
20260314_蒲郡_8,2026-03-14,教訓: モーター性能だけでなく、展開や走行環境も結果に大きく影響するため、これらの要因を総合的に考慮することが重要です。,,,
20260314_若松_3,2026-03-14,教訓: 展開予想に加え、風や天候の影響を考慮すべきでなかった,,,
20260315_鳴門_4,2026-03-15,教訓: モーター性能だけでなく、レース展開やコース読みが結果に影響を与えるため、予測モデルに風や選手のスキルを含む多様な要因を取り入れることが重要。,,,
20260315_江戸川_5,2026-03-15,教訓: モーター性能やランキング以外の要素（展開、風などの環境要因）が結果を左右するため、予測モデルにこれらの不確実性を考慮させる必要がある。,,,
20260315_浜名湖_9,2026-03-15,「教訓: 展開や風の影響を過小評価せず、安定感のある選手に加え、late raceでの伸びを考慮する必要がある。」,,,
20260315_若松_10,2026-03-15,教訓: 穏定感のある選手が予想通りの結果を出すことが多いことを確認できた。,,,
20260315_浜名湖_1,2026-03-15,教訓: 風や機力の安定性に加え、選手のコンディションやレース中の展開の変化を考慮する必要がある。,,,
20260315_江戸川_2,2026-03-15,教訓: AIの予測はモーター性能やランキングだけでなく、展開や風などの外部要因が結果に大きく影響することを考慮しなければならない。,,,
20260315_尼崎_2,2026-03-15,教訓: AIの予測に限界があるため、モーター性能やレース展開を考慮した更なる精度向上が求められる。,,,
20260315_尼崎_3,2026-03-15,教訓: 予測にない安定感と潜在能力を持つ選手が上位を独占したため、4号艇以外の安定感のある選手への配分不足だった。,,,
20260315_下関_10,2026-03-15,教訓: AIの予測は1-2-3を当てたが、6号艇の追い上げ期待値が高すぎたため、他の組み合わせが外れた。,,,
20260315_多摩川_5,2026-03-15,教訓: モーター機力や風の影響を考慮せず、安定感のある選手に過信したため、展開予想が不的中した。,,,
20260316_びわこ_4,2026-03-16,「教訓: モーター性能だけでなく、レース中の展開や風などの環境要因も考慮する必要がある。」,,,
20260316_びわこ_2,2026-03-16,教訓: モーター性能や過去のデータだけでなく、レース当日の展開や環境条件（風、波等）を考慮した予測が重要。,,,
20260316_桐生_4,2026-03-16,教訓: 波乱要素の予測に過信せず、レース当日の展開や風などの外部要因を考慮すべき。,,,
20260316_蒲郡_8,2026-03-16,教訓: 確定的な安定感ではなく、展開や天候等の外部要因も含めたリスク管理が重要。,,,
20260316_浜名湖_10,2026-03-16,"[ERROR] HTTPConnectionPool(host='localhost', port=11434): Read timed out. (read timeout=300)",,,
20260316_芦屋_7,2026-03-16,"[ERROR] HTTPConnectionPool(host='localhost', port=11434): Read timed out. (read timeout=300)",,,
20260316_桐生_12,2026-03-16,"[ERROR] HTTPConnectionPool(host='localhost', port=11434): Read timed out. (read timeout=300)",,,
20260316_浜名湖_4,2026-03-16,教訓: 山本寛久の期待値と小池礼乃の安定感を考慮した予測だが、5号艇が6号艇に代わったことで展開やモーター性能が影響し、予想外の結果となった。,,,
20260316_芦屋_6,2026-03-16,教訓: 三連複での順番変更を考慮せよ,,,
20260316_桐生_10,2026-03-16,"[ERROR] HTTPConnectionPool(host='localhost', port=11434): Read timed out. (read timeout=300)",,,
20260317_下関_8,2026-03-17,「教訓: 展開予想とモーター性能に加え、コース取りや風の影響が大きく、安定感のある艇も波乱を起こす可能性があるため、買い目の組み合わせにも柔軟性を必要とする。」,,,
20260317_唐津_7,2026-03-17,教訓: モーター番号と展開予想に加え、当日の風や選手コンディション等を考慮することが重要である,,,
20260317_桐生_7,2026-03-17,教訓: 高ランキング艇の安定性に過信せず、レース当日の展開や天候、選手のコンディション等の動的要因を考慮した予測モデル構築が重要。,,,
20260317_桐生_6,2026-03-17,教訓: 風や天候、選手の状況が予測を超えることもあるため、今後はこれらの要素を考慮した予測モデル構築を強化する必要があります。,,,
20260317_三国_9,2026-03-17,教訓: モーター性能と展開予想だけでなく、当日の風やコース状況、選手の臨場感も考慮する必要がある。,,,
20260317_唐津_10,2026-03-17,教訓: モーター機力よりも安定感のある選手に軍配が上がる可能性を考慮すべきだった。,,,
20260317_江戸川_10,2026-03-17,教訓: 風やレース展開の影響を考慮することで、モーター性能以外の要素も予測に組み込む必要がある。,,,
20260317_宮島_12,2026-03-17,教訓: AIはモーター番号や過去のパフォーマンスに過剰な重視をしたが、展開や風、当日の状況等が勝敗を左右する要素となり、本命艇である5号艇が不発だったため、予測外の波乱があった。,,,
20260317_宮島_8,2026-03-17,教訓: 3号艇のモーター性能や展開力が予測以上に優れなかったため、2号艇が伸びた点を考慮すべきだった。,,,
20260317_桐生_11,2026-03-17,教訓: 展開予想やモーター性能だけでなく、当日の風や潮汐、選手の状態など外部要因も考慮し、予測精度を高める必要がある。,,,
20260318_桐生_2,2026-03-18,教訓: AIの予測に比べて実際の結果は2号艇が優勝したため、1号艇のモーター性能や展開予想に不備があった可能性がある。,,,
20260318_宮島_2,2026-03-18,教訓: AIの予測は艇の能力やモーター性能を考慮しているが、レース展開や意外な出来事（例えば艇の故障やスタートミス）にも敏感に反応する必要があるため、買い目の広さやリスク分散が重要。,,,
20260318_常滑_1,2026-03-18,教訓: 1号艇のモーター性能に過信していたため、展開や風況等の外部要因により思った通りに Führung を維持できず、着順が伸びてしまった。,,,
20260318_大村_7,2026-03-18,教訓: AIはモーター番号とランキングだけで展開を予測しすぎたため、選手の実際のパフォーマンスやレース中の戦略的動きを考慮する必要がある。,,,
20260318_平和島_8,2026-03-18,教訓: 高勝率艇の安定性に依存するだけでなく、低勝率艇の期待値を見誤るリスクがあるため、展開や外部環境を考慮した多角的な分析が不可欠。,,,
20260318_唐津_12,2026-03-18,教訓: モーター性能や展開予想だけでなく、レース中の展開や風の影響など外部要因を考慮したモデル構築が重要。,,,
20260318_尼崎_7,2026-03-18,「教訓: 天候や展開以外にモーター性能や選手の実力に加え、外部環境要素(風等)も重要であることが露呈したため、今後のモデルにはこれらの要因を反映させる必要がある。」,,,
20260318_平和島_9,2026-03-18,教訓: モーター性能に加え、展開や天候要因がランキングを左右する可能性が高い,,,
20260318_桐生_4,2026-03-18,教訓: モーター性能だけでなく、展開や天候などの外部要因を考慮しないと予測精度が落ちる,,,
20260318_江戸川_12,2026-03-18,教訓: 北山康介（1号艇）の安定感と岡祐臣（2号艇）の潜在能力が両方評価されるべきであった。,,,
20260319_常滑_12,2026-03-19,教訓: モーター性能と地元選手のコース適性が重要で、ExTime以外にも全体的なパフォーマンスを考慮することが必要だった。,,,
20260319_若松_7,2026-03-19,教訓: AIが地元スペシャリストである4号艇を推奨したが、1号艇が3着に入ったことでコース優位性やExTime遅れの予測不足があった。,,,
20260319_若松_6,2026-03-19,「教訓: AIの予測に反して、6号艇が1着を獲得したことで、全国勝率が高い選手への過信やExTime以外の要素（風や展開）が結果を左右する可能性がある。」,,,
20260319_三国_12,2026-03-19,「教訓: モーター性能以外にも展開や天候等因素がレース結果を大きく左右するため、予測時にはそうした要素も考慮することが重要である。」,,,
20260319_桐生_7,2026-03-19,教訓: 竹間隆晟の安定感に過信し、5号艇宮崎奏磨の低勝率を理由とした推奨買い目が裏目に出て、波乱要素や外部要因(風等)により3号艇坂本雄紀と6号艇の好走が発生したため、モデルの不完全性を暴露した。,,,
20260319_唐津_1,2026-03-19,教訓: 地元選手の中田竜太（6号艇）の活躍と潮汐・流れの影響を考慮した予測でしたが、2号艇や5号艇の不買により買い目が外れました。,,,
20260319_唐津_9,2026-03-19,「教訓: 地元選手とモーターパフォーマンスだけでなく、風や水の状況などの外部環境要因も考慮した予測モデルが必要である。」,,,
20260319_若松_12,2026-03-19,教訓: 高オッズと展示タイム갭だけで判断せず、地元選手の安定感や展開・風などの外部要因を考慮する必要がある。,,,
20260319_尼崎_10,2026-03-19,「教訓: モーター番号やランキングだけでなく、レース中の展開や天候、選手の状態など外部要因を考慮することが必要だった。」,,,
20260319_尼崎_6,2026-03-19,教訓: AIが1号艇を本命と予想したが、結果的には1番艇が3620円で的中。AIは低モーターながら安定感のある選手を評価していたが、当日の展開や風の影響で高勝率選手や地元選手が思ったほど活躍しなかったため、買い目の組み合わせを見直す必要がある。,,,
20260319_児島_9,2026-03-19,教訓: 地元選手の有利性やモーター安定感に加え、当日の展開や風等の外部要因を考慮すべきでなかった。,,,
20260319_若松_9,2026-03-19,「教訓: モーター性能だけでなく、当日の展開や風の影響、選手のコンディションなど全体的な要素を考慮することが重要であるため、予測モデルに天候やコース状況を含む多様なデータを取り入れることが必要だ。」,,,
20260319_下関_8,2026-03-19,教訓: AIの予測はモーター速度や過去のデータに頼りすぎており、天候や展開、選手の臨場発揮などの不確定要素を考慮せず、風や展開によって安定感よりもスピードが裏目にでることがあるため、今後は外部環境や選手のコンディションにも配慮した予測モデルを開発する必要がある。,,,
20260319_平和島_7,2026-03-19,教訓: AIの予測に反して2号艇が優勝したため、モーター性能やランク以外にも風や展開、あるいは運boat factorが結果を左右する可能性がある。,,,
20260319_桐生_1,2026-03-19,教訓: レース中の展開や天候の影響が予測を超えるため、外部要因への配慮を強化する必要がある。,,,
20260319_戸田_9,2026-03-19,教訓: 2号艇のパフォーマンスを見込み過ぎたため、期待値通りに結果がでなかった。今後は地元選手の安定感だけでなく、当日のコンディションやモーター状態にも重点を置きたい。,,,
20260319_三国_9,2026-03-19,教訓: AIの予測に頼るだけでなく、当日のモーター機力や天候条件、選手の臨場感も考慮する必要があります。,,,
20260319_桐生_2,2026-03-19,教訓: AIの予測に過信せず、現場の状況や天候、風向き等の外部要因を考慮した上で買い目を検討する必要がある。,,,
20260319_唐津_4,2026-03-19,教訓: モーター性能だけでなく、展開や風向きなどの外的要因も考慮し、柔軟な分析が求められる。,,,
20260319_鳴門_1,2026-03-19,教訓: 環境条件や展開の意外性がモーターパフォーマンス以上の影響を及ぼす可能性があるため、リアルタイムでの風や水温等のデータ収集と分析を強化する必要がある。,,,
20260320_徳山_4,2026-03-20,教訓: モーター機力だけでなく、天候や風などの外部要因も重要な影響を与えるため、レース展開を考慮したモデル構築が不可欠。,,,
20260320_唐津_1,2026-03-20,教訓: 展開予想とモーター性能だけでなく、レース中の展開や天候、選手の実際のパフォーマンス変化を考慮することが重要。,,,
20260320_鳴門_11,2026-03-20,教訓: AIの予測に過信せず、風や展開、モーター性能以外の要素を考慮した多角的な分析が必要。,,,
20260320_下関_8,2026-03-20,「教訓: コースアドバンテージと地元選手の有利さに過信せず、天候やモーター性能の詳細なデータ分析が不可欠」,,,
20260320_徳山_3,2026-03-20,教訓: 展開予想に加え、天候やリアルタイムの環境要因を考慮する必要がある。,,,
20260320_若松_8,2026-03-20,教訓: AIの予測エラーは、サーバー側の接続問題だったのに、実際はレース結果に影響する展開や天候の要素を見落としていたため。,,,
20260320_若松_10,2026-03-20,「教訓: ネットワークタイムアウトは予測に影響を与えるが、実際の結果は別の要因によって決まるため、システム間の疎松接続を強化する必要がある。」,,,
20260320_戸田_10,2026-03-20,教訓: 系统的预测错误源于数据处理中的超时问题，但实际比赛顺利进行，表明系统需优化以避免不必要的警报。,,,
20260320_丸亀_3,2026-03-20,教訓: データ取得時のタイムアウトを回避し、信頼性の高いネットワーク接続を強化することで、予測精度が向上する。,,,
20260320_児島_1,2026-03-20,教訓: AIの予測に過信せず、リアルタイムの要素やシステム障害を考慮することが重要。,,,
20260320_江戸川_1,2026-03-20,教訓: 時々サーバー負荷やネットワーク障害が予測精度に影響を及ぼすことがあるため、システムの安定稼働と冗長化を強化する必要がある。,,,
20260320_浜名湖_4,2026-03-20,「教訓: モーター機力やコース特性だけでなく、当日の風況やレース展開の不可測要素も考慮する必要がある。」,,,
20260320_常滑_6,2026-03-20,「教訓: モーター性能や選手の安定感に加え、展開や環境条件を考慮する必要がある。」,,,
20260320_下関_6,2026-03-20,教訓: タイムアウト設定を見直す必要がある。,,,
20260320_桐生_6,2026-03-20,教訓: モーター機力だけでなく、選手のスキルや展開・風などの外的要因も重要視すべき。,,,
20260320_鳴門_5,2026-03-20,「教訓: 外部データ源への接続タイムアウトがあったにもかかわらず、予測モデルが内部データだけで成功したため、外部依存性のリスクを低減する必要がある。」,,,
20260320_若松_2,2026-03-20,教訓: サーバー接続のタイムアウトではなく、レース展開や外部要因を考慮した予測モデルが必要。,,,
20260320_浜名湖_7,2026-03-20,教訓: 予想した連係艇が結果的に2-1-3と予測外の_RESULTになったため、展開や風などの外部要因に過信せず、モーター機力や個々の選手のパフォーマンスをさらに精査する必要がある。,,,
20260320_児島_10,2026-03-20,教訓: 単なるモーター性能や過去の勝率だけでなく、当日の展開や天候、選手の状態など不可測な要素がレース結果に大きく影響するため、予測モデルに加え現場の情報も考慮することが重要。,,,
20260320_多摩川_9,2026-03-20,教訓: AIの予測モデルはExTimeやコース特性に過信し、実際には1号艇が地元選手の意地と強力な追い上げで優勝したため、今後の予測では地元選手の潜在能力と 변수への敏感さを重視する必要がある。,,,
20260320_平和島_3,2026-03-20,教訓: モーター性能以外にも選手の技量や展開、天候等が結果に影響しやすく、単なるデータ分析では不確定要素が多いことを認識する必要がある。,,,
20260320_江戸川_6,2026-03-20,教訓: 強い潮流や天候の影響を考慮しても、1号艇の潜在能力やレース展開の意外性が予測外だったため、AIはモーター機力以外の要因に過信せず、動的要因も含めた分析体制が必要。,,,
20260320_浜名湖_5,2026-03-20,教訓: AIの予測が不的中した理由は、モーター機力以外にも当日の展開や選手の状態、風や波などの外部要因に敏感に反応するボートレースの特性を考慮しなかったため。,,,
20260320_唐津_9,2026-03-20,教訓: 外部要因（風や潮流）の影響を過小評価していたため、1号艇深川選手の優勝と2号艇石原選手、4号艇市川選手の上位入賞が予測通りだったが、AIはExTime遅いことを理由に1号艇を軽視しすぎた。今後は、天候やコース特性を考慮した分析モデル構築が必要。,,,
20260320_常滑_3,2026-03-20,教訓: モーター性能とExTimeの評価に過信せず、レース展開と選手特性も考慮すべきだった。,,,
20260320_戸田_7,2026-03-20,教訓: 江戸川コースの展開予想に不備があり、1号艇の安定感と実力が過小評価されていた。,,,
20260320_丸亀_4,2026-03-20,教訓: 高モーターレートと全国勝率が高い艇が優勝しなかったことから、展開や天候、選手の状態など外部要因が結果に大きく影響することを学んだ。,,,
20260320_宮島_5,2026-03-20,教訓: モーター性能だけでなく、ランキングや過去の勝率から分かる安定感と当日の展開・コンディションも考慮した予測モデル構築が重要。,,,
20260320_多摩川_7,2026-03-20,教訓: モーター性能だけでなく、レース展開やドライバーのスキル、コース状況が結果を左右するため、データ分析に加え、現場での要素も考慮すべき。,,,
20260320_若松_3,2026-03-20,教訓: 高モーターランクと過去の安定した成績にもかかわらず、結果が予測に反したのは風や展開、新艇の影響による不適応があったため。,,,
20260320_桐生_10,2026-03-20,教訓: 高モーター番号や全国勝率に頼り過ぎると、展開や風等の不可測要素が結果を左右するため、予測精度を向上させるにはこれらの要因も考慮する必要があります。,,,
20260320_平和島_6,2026-03-20,教訓: 風や潮汐の影響を考慮せず、モーター性能だけで判断したため、展開予想と結果に乖離が生じた。,,,
20260320_桐生_1,2026-03-20,教訓: 艇のExTimeだけで脱落リスクを判断せず、モーター性能とレース展開両方を考慮する必要がある。,,,
20260320_戸田_6,2026-03-20,「教訓: 選手の実績やモーター番号だけでなく、当日のコース状況や風などの外部要因を考慮することが重要である。」,,,
20260320_浜名湖_2,2026-03-20,教訓: 地元選手の有利さとモーター性能を考慮した予測は的中したが、風や展開の影響を完全に捉えるのは難しい。,,,
20260320_戸田_2,2026-03-20,「教訓: 展開予想に加え、モーター番号や地元選手への重み付けも考慮したが、混戦となったため安定感のある艇を選定すべきだった。」,,,
20260320_徳山_12,2026-03-20,教訓: 高岡選手の地元スペシャリストとしての期待値と安定感が過信され、展開や風況等の外部要因に大きく影響されたため、予測と結果に乖離が生じた。,,,
20260321_平和島_7,2026-03-21,教訓: 浅見昌克の高モーター性能と全国勝率にもかかわらず、予測外の結果が発生したのは、風や水の状況、またはレース展開における意外性があった可能性がある。,,,
20260321_唐津_7,2026-03-21,教訓: 展開予想とモーター性能だけでなく、レース当日のExTimeや風況等の外部要因を考慮する必要がある。,,,
20260321_下関_10,2026-03-21,「教訓: 秋元哲に過剰評価していたが、市場評価が高いことで優位と判断したが、当日の展開や風などの天候条件で秋元哲以外にも安定感のある選手が存在し、予測通りの集中投資ではなく全体的なバランスを考慮する必要があった。」,,,
20260321_桐生_4,2026-03-21,教訓: 環境条件や展開の不測性が結果に大きく影響し、機力だけでなく操艇技術や状況判断も重要視すべき。,,,
20260321_戸田_6,2026-03-21,教訓: 地元選手の有利さや展開・風などの外部要因を考慮した上で、モーター性能以外の要素も含めた予測アルゴリズムの改善が不可欠である。,,,
20260321_大村_12,2026-03-21,「教訓: 地元選手やモーター性能の期待通りに行かないこともあるため、コース特性や展開予想だけでなく、天候やレース当日のモーターパフォーマンスにも敏感に反応する必要がある。」,,,
20260321_丸亀_7,2026-03-21,「教訓: モーター性能以外にも風やコース特性、当日の展開が重要な影響を与えるため、分析システムにこれらの要素を追加することが必要である。」,,,
20260321_児島_7,2026-03-21,「教訓: AIの予測が1-2を推奨したが、実際は3艇目の4号艇まで必要となったため、レース展開や風などの外部要因に敏感になる必要がある。」,,,
20260321_唐津_6,2026-03-21,「教訓: 高性能モーターと地元選手の有利さにもかかわらず、当日の展開や風況が予測に反して上位艇が活躍したため、今後は天候やコース条件をさらに重視する必要がある。」,,,
20260321_戸田_3,2026-03-21,教訓: 展開や風、潮流などの外部要因に過信せず、モーター性能と選手個々の安定感をさらに重視する必要がある。,,,
20260322_下関_12,2026-03-22,「教訓: モーター性能だけでなく、展開や天候、選手の状態も重要なため、予測モデルにこれらの要素をさらに組み込む必要がある。」,,,
20260322_若松_11,2026-03-22,教訓: モーター性能とランキングだけで優勝を予測するのは難しい。地元選手の利点や展開、天候等の外部要因も考慮する必要がある。,,,
20260322_大村_7,2026-03-22,「教訓: AIは地元専門家の石田章央や畑和宏の安定感を過信し、1号艇の強力さを考慮不足したため、結果的にExTimeと水流の影響が想定外だった。」,,,
20260322_丸亀_10,2026-03-22,教訓: モーター機力だけでなく、当日の風や選手のコンディションも予測時に考慮すべきだった。,,,
20260322_多摩川_3,2026-03-22,「教訓: 高オッズ異常艇の選定と展開予想に加え、風やモーター機力の影響を考慮する必要がある。」,,,
20260322_戸田_10,2026-03-22,「教訓: AIは地元選手の潜在能力や展開予想外の要因（風、艇体状態）を考慮不足していた。」,,,
20260322_若松_7,2026-03-22,教訓: 2号艇の期待値に過信しすぎたことで敗北を招いた。今後は全国勝率やコース適性だけでなく、当日のコンディションや選手の状態にも配慮する必要がある。,,,
20260322_徳山_12,2026-03-22,教訓: 地元選手への偏重とモーター性能以外の要素（例えば展開や天候）を考慮しなかったため、予想外の結果が発生した。,,,
20260322_徳山_4,2026-03-22,教訓: AIの予測に過信せず、展開や風などの要素を考慮した柔軟な戦略が不可欠であることを学んだ。,,,
20260322_唐津_11,2026-03-22,「教訓: AIはモーター性能とランキングに過信し、展開や風などの外部要因を考慮不足していた。」,,,
20260323_丸亀_2,2026-03-23,教訓: AIは安定した選手のデータを重視したが、展開や風などの不可抗力に影響され、特に4号艇の好走に配慮すべきだった。,,,
20260323_多摩川_10,2026-03-23,「教訓: モーター機力だけでなく、展開や環境要因も考慮し、多様なデータを活用することが必要である。」,,,
20260323_下関_8,2026-03-23,教訓: モーター性能だけでなく展開や天候も重要で、予測に限界があるため人的判断も必要。,,,
20260323_丸亀_10,2026-03-23,教訓: 軽いモーター番号の艇に軍資金を投入すべきだった。,,,
20260323_浜名湖_2,2026-03-23,「教訓: 地元スペシャリストが多く参戦し安定感のある艇が予想されたが、実際は展開や風の影響で予測と異なる結果となったため、コースコンディションや天候等のリアルタイム要因を考慮する必要がある。」,,,
20260323_多摩川_4,2026-03-23,教訓: 江戸川の特殊な条件（強い潮流）に対応するためには、選手の経験と技術が重要なファクターとなり、モーター性能だけで勝敗を予測するのは難しい。,,,
20260323_鳴門_4,2026-03-23,教訓: AIの予測に過信せず、レース当日の展開や風等の外部要因を考慮することが重要である。,,,
20260323_尼崎_5,2026-03-23,「教訓: モーター機力や展開・風の影響を考慮した予測モデルの必要性が改めて認識された。」,,,
20260323_下関_5,2026-03-23,教訓: 選手のスキルや展開、風等の不可視要因が結果を左右するため、モーター性能に加え、複合的な要素を考慮することが必要。,,,
20260323_下関_6,2026-03-23,教訓: 江戸川の風や展開の影響で予想外の結果が出たため、今後はレース当日の状況も考慮し、モーター性能だけでなく環境要素にも重視する必要がある。,,,
20260324_福岡_6,2026-03-24,教訓: 地元選手の有利性や高勝率選手の存在も風や潮流の変化等により反転する可能性があるため、パターン買いだけでなく個別要因分析の精度を向上させる必要がある。,,,
20260324_浜名湖_4,2026-03-24,教訓: 地元選手の安定感に依存せず、コース特性や天候等の外部要因を考慮した柔軟な予測が求められる。,,,
20260324_津_3,2026-03-24,教訓: AIの予測が不発だった理由は、展開や風などの天候要因を考慮した不足と地元選手への過信があったため。,,,
20260324_津_6,2026-03-24,教訓: 地元選手とモーター性能だけで勝率を判断せず、展開や天候、コース状況などの多様な要素を考慮する必要がある。,,,
20260324_三国_6,2026-03-24,教訓: 素人選手の安定感と天候要因を考慮せず、単なる期待値とオッズに過信した為、予測精度が不充分だった。,,,
20260324_多摩川_9,2026-03-24,教訓: 安田吉宏のモーター性能やランキングに依存し過ぎたことで、展開や風などの外的要因を考慮せず、2号艇への期待が過剰だった。,,,
20260324_尼崎_1,2026-03-24,「教訓: 外部環境（展開や風）の影響を過小評価していたため、予測精度が低下した」,,,
20260324_徳山_8,2026-03-24,教訓: 地元選手の特性やモーター性能だけでなく、レース展開やコース状況、風などの外的要因も予測に組み込む必要がある。,,,
20260324_住之江_9,2026-03-24,教訓: 地元選手のパフォーマンスやモーター性能だけでなく、展開や外部要因（風、水況等）を考慮しなければならない。,,,
20260324_戸田_9,2026-03-24,教訓: 最速モーターの威力は過小評価せず、ExTimeや展開予想も含めた総合的な判断が必要だった。,,,
20260325_尼崎_4,2026-03-25,教訓: AIの予測に過信せず、モーター性能や展開、天候等のリアルタイム要素を考慮したデータ分析が不可欠。,,,
20260325_多摩川_5,2026-03-25,教訓: モーター性能だけでなく、展開や天候、レース展開の読めなさも重要な要素である。,,,
20260325_三国_3,2026-03-25,教訓: 地元選手の安定感とモーター性能に過信せず、展開や風等の外的要因を考慮した予測モデルを強化する必要がある。,,,
20260325_蒲郡_3,2026-03-25,教訓: 展開予想や地元選手のウェイト付けに加え、モーター番号だけで判断せず、レース中の展開や天候、風等の外部要因にも考慮が必要だった。,蒲郡,nan,calm
20260325_三国_9,2026-03-25,教訓: モーター性能の不一致やレース展開・流れへの適応不足が予測を覆す。,三国,nan,calm
20260325_徳山_7,2026-03-25,教訓: 天候や会場条件が予測に影響を与え、モーター番号の大きい艇が優位とされる状況下でも、展開や風の影響で予想外の結果が発生するため、外部要因を考慮した多様な分析が必要。,徳山,nan,calm
20260325_多摩川_11,2026-03-25,教訓: 弱風条件下、モーター性能よりもスタートや展開の技術的重要性が高かった。,多摩川,nan,calm
20260325_住之江_11,2026-03-25,教訓: 地元スペシャリストの存在は予想以上の影響を及ぼす。,住之江,nan,moderate
20260325_浜名湖_8,2026-03-25,「教訓: 地元選手や安定感のある選手以外にも注目すべき選手が多く、展開や風などの外部要因が結果に大きく影響するため、予測モデルに未然に備える必要がある。」,浜名湖,nan,moderate
20260325_丸亀_7,2026-03-25,教訓: 村上が期待値を超えるほどの好走を見せなかったため、予測外の1号艇優勝と5号艇4位が発生。弱風条件下でのスタートダッシュ能力やモーター性能の見誤りを考慮すべきだった。,丸亀,nan,calm
20260326_津_8,2026-03-26,教訓: 風況や展開予測の不的中により、モーター性能だけで選択肢を決めた結果、池永太が3着に終わった。,津,nan,moderate
20260326_芦屋_1,2026-03-26,教訓: 風や天候が選手の安定感に影響を与え、モーター性能だけでなくコース取りや展開次第で順位が変わるため、ランキングと全国勝率以外にもレース当日の状況を考慮すべきだった。,芦屋,nan,moderate
20260326_芦屋_6,2026-03-26,教訓: 地元選手の優位性は過信せず、実際の展開や他の艇の状態も考慮が必要,芦屋,nan,calm
