RaceID,Date,Venue,R,Prediction_GemmaFT,Log_GemmaFT,Stakes_GemmaFT
20260619_芦屋_12,2026-06-19,芦屋,12,芦屋はインコースが有利なコースであり、A1級の地力を持つ1号艇高橋選手が先マイでスタートしてくるでしょう。A2級の2号艇百武選手も内枠からの攻めが堅く、3号艇長田選手もA1級の勢いあるモーターを持ち、上位に食い込む展開が濃厚だと判断します。4号艇村松選手や5号艇是澤孝宏選手は軽量で機力があり、このレース本編を制する可能性が高いと見ます。特に注目すべきは6号艇川添英正選手です。A2級ながら勝率わずかに高いものの、内枠でのスタートで上位に食い込むことは十分あり得ます。,"[推論]
芦屋はインコースが有利なコースであり、A1級の地力を持つ1号艇高橋選手が先マイでスタートしてくるでしょう。A2級の2号艇百武選手も内枠からの攻めが堅く、3号艇長田選手もA1級の勢いあるモーターを持ち、上位に食い込む展開が濃厚だと判断します。4号艇村松選手や5号艇是澤孝宏選手は軽量で機力があり、このレース本編を制する可能性が高いと見ます。特に注目すべきは6号艇川添英正選手です。A2級ながら勝率わずかに高いものの、内枠でのスタートで上位に食い込むことは十分あり得ます。

[買い目]
1-2-3",1-2-3:100
20260619_芦屋_11,2026-06-19,芦屋,11,1号艇山本選手のA1級格の地力と展示中の安定した体重は、本命の選択肢として有力です。2、3号艇のA2級選手も良好な実力を秘めており、3連下位に食い込むでしょう。4、5、6号艇はB1級ながら、展示で高配当と判断します。,"[推論]
1号艇山本選手のA1級格の地力と展示中の安定した体重は、本命の選択肢として有力です。2、3号艇のA2級選手も良好な実力を秘めており、3連下位に食い込むでしょう。4、5、6号艇はB1級ながら、展示で高配当と判断します。
[買い目]
1-2-3",1-2-3:100
20260619_津_1,2026-06-19,津,1,津1Rは、A1級の1号艇が頭まで差し込み、内側の2、3号艇が追走する展開が濃厚。B1級のイン逃げとB2級の混戦により、外枠から2着争いが激化し、3着には4号艇金子怜央が期待できます。5、6号艇は、A1級の1号艇が高倉選手に勝負する展開を想定し、内枠での追走に重点を置きます。,"[推論]
津1Rは、A1級の1号艇が頭まで差し込み、内側の2、3号艇が追走する展開が濃厚。B1級のイン逃げとB2級の混戦により、外枠から2着争いが激化し、3着には4号艇金子怜央が期待できます。5、6号艇は、A1級の1号艇が高倉選手に勝負する展開を想定し、内枠での追走に重点を置きます。


[買い目]
1-2-3
1-2-4
1-3-4","1-2-3:100, 1-2-4:100, 1-3-4:100"
20260619_びわこ_5,2026-06-19,びわこ,5,びわこ5R、A1級のイン逃れが本命。メンバー中では3号艇加藤奈月選手が上位に食い込むと予想します。B1級ながら勝率4.13は堅実なスタートで、展示から一気に攻め込みます。対抗には、A2級の4号艇土屋実沙希選手も強力な筆頭と見ます。特にB2級・深尾選手は、展示から上位に食い込む可能性が高いでしょう。6号艇、5号艇、1号艇はメンバーの構成としてはやや劣勢ですが、ここでは展開次第で仕掛けを回せる存在として評価します。,"[推論]
びわこ5R、A1級のイン逃れが本命。メンバー中では3号艇加藤奈月選手が上位に食い込むと予想します。B1級ながら勝率4.13は堅実なスタートで、展示から一気に攻め込みます。対抗には、A2級の4号艇土屋実沙希選手も強力な筆頭と見ます。特にB2級・深尾選手は、展示から上位に食い込む可能性が高いでしょう。6号艇、5号艇、1号艇はメンバーの構成としてはやや劣勢ですが、ここでは展開次第で仕掛けを回せる存在として評価します。

[買い目]
1-4-3",1-4-3:100
20260619_津_5,2026-06-19,津,5,津5R。イン逃げの甘い展開を期待し、A1級の赤坂俊輔選手が本番で上位に食い込む可能性が高いと判断します。対抗はB1級の小澤学選手。特に3号艇飯山晃三選手は、展示からスタートしたメンバーの中で最もイン逃げの巧さがあり、4号艇横田茂選手もA1級のメンバーであり、内枠での攻防が激しいと予想します。6号艇市川美宏選手はB1級ながら、A2級に属するメンバーで、展示からスタートした頭角を現し、イン逃げのチャンスを伺います。,"[推論]
津5R。イン逃げの甘い展開を期待し、A1級の赤坂俊輔選手が本番で上位に食い込む可能性が高いと判断します。対抗はB1級の小澤学選手。特に3号艇飯山晃三選手は、展示からスタートしたメンバーの中で最もイン逃げの巧さがあり、4号艇横田茂選手もA1級のメンバーであり、内枠での攻防が激しいと予想します。6号艇市川美宏選手はB1級ながら、A2級に属するメンバーで、展示からスタートした頭角を現し、イン逃げのチャンスを伺います。

[買い目]
1-2-3
1-3-2
2-1-3","1-2-3:100, 1-3-2:100, 2-1-3:100"
20260619_津_11,2026-06-19,津,11,"津のインは堅実な選手が中心となることが多いです。特にA1級・A2級の混戦ですが、内枠の安定やイン逃げの妙味を活かして上位に食い込むでしょう。本命の3号艇 市川美宏選手と4号艇 福田宗平選手はB1級ながら、地力も十分で、展示からスタートして上位に食い込んでくる可能性が高いです。5号艇 原村拓也選手はA1級でも実績があり、展示から上位が期待できます。
4号艇と5号艇の連盟はイン逃げの妙味を感じさせ、A2級の山ノ内雅人選手も内枠の地力に自信を持ち、スタートからの好位地で上位争いに加わるでしょう。","[推論]
津のインは堅実な選手が中心となることが多いです。特にA1級・A2級の混戦ですが、内枠の安定やイン逃げの妙味を活かして上位に食い込むでしょう。本命の3号艇 市川美宏選手と4号艇 福田宗平選手はB1級ながら、地力も十分で、展示からスタートして上位に食い込んでくる可能性が高いです。5号艇 原村拓也選手はA1級でも実績があり、展示から上位が期待できます。
4号艇と5号艇の連盟はイン逃げの妙味を感じさせ、A2級の山ノ内雅人選手も内枠の地力に自信を持ち、スタートからの好位地で上位争いに加わるでしょう。

[買い目]
4-5-1
4-5",4-5-1:100
20260619_宮島_11,2026-06-19,宮島,11,宮島11R、A1級の君島選手が堅実なスタートを決め、内枠からの攻めが本命となる展開。対抗はA1級の石川選手。勝率6.09はメンバー中トップクラスで、イン逃げに利くでしょう。3号艇川原選手もA2級ながら、地の利と地力のある走りで上位争いに加わる可能性を秘めています。4号艇武田選手もA1級の地力があり、展示からスタートしたことでメンバー一頭大の存在感を見せてくれるでしょう。,"[推論]
宮島11R、A1級の君島選手が堅実なスタートを決め、内枠からの攻めが本命となる展開。対抗はA1級の石川選手。勝率6.09はメンバー中トップクラスで、イン逃げに利くでしょう。3号艇川原選手もA2級ながら、地の利と地力のある走りで上位争いに加わる可能性を秘めています。4号艇武田選手もA1級の地力があり、展示からスタートしたことでメンバー一頭大の存在感を見せてくれるでしょう。

[買い目]
1-2-3",1-2-3:100
20260619_尼崎_6,2026-06-19,尼崎,6,Ницカは、インが強まるとのベールに覆われた内側からスタートで攻め込むのが常套手段です。A2級馬場剛選手とB1級大森選手がそれぞれ高い勝率を誇り、内枠からの粘り込みが本命と判断します。3号艇・松瀬弘美選手は地力がありつつも機力を欠き、4号艇・宮脇遼太選手のA2級の実力に加え、5号艇・森竜也選手もB1級で安定感を強めており、この構成の3連が有力と見て推します。,"[推論]
Ницカは、インが強まるとのベールに覆われた内側からスタートで攻め込むのが常套手段です。A2級馬場剛選手とB1級大森選手がそれぞれ高い勝率を誇り、内枠からの粘り込みが本命と判断します。3号艇・松瀬弘美選手は地力がありつつも機力を欠き、4号艇・宮脇遼太選手のA2級の実力に加え、5号艇・森竜也選手もB1級で安定感を強めており、この構成の3連が有力と見て推します。
[買い目]
1-2-3",1-2-3:100
20260619_芦屋_10,2026-06-19,芦屋,10,芦屋のインは地力があり、A1級艇の1号艇・里岡右貴選手が中心となるでしょう。しかし、1号艇の足 ભારેから内枠からのスタートを警戒し、A1級の地力と展示実績のある2号艇・北村寧々選手に軸を据えるべきです。3号艇横田選手はB1級ながら展示実績があり、イン逃げの可能性も秘めています。4号艇 市橋卓士選手はA1級の地力と展示実績に加え、水面は比較的穏やかなレース展開が期待できます。5号艇・岡部大輝選手はB1級ですが、展示実績はやや低く、内枠からのスタートを強要されるとA1級艇の2号艇・北村寧々選手が上位に食い込む可能性が高いです。4号艇 市橋卓士選手もA1級の地力、展示実績があり、内側のイン逃げを警戒し、3号艇横田選手との攻防に加わることが考えられます。,"[推論]
芦屋のインは地力があり、A1級艇の1号艇・里岡右貴選手が中心となるでしょう。しかし、1号艇の足 ભારેから内枠からのスタートを警戒し、A1級の地力と展示実績のある2号艇・北村寧々選手に軸を据えるべきです。3号艇横田選手はB1級ながら展示実績があり、イン逃げの可能性も秘めています。4号艇 市橋卓士選手はA1級の地力と展示実績に加え、水面は比較的穏やかなレース展開が期待できます。5号艇・岡部大輝選手はB1級ですが、展示実績はやや低く、内枠からのスタートを強要されるとA1級艇の2号艇・北村寧々選手が上位に食い込む可能性が高いです。4号艇 市橋卓士選手もA1級の地力、展示実績があり、内側のイン逃げを警戒し、3号艇横田選手との攻防に加わることが考えられます。

[買い目]
1-2-3",1-2-3:100
20260619_多摩川_10,2026-06-19,多摩川,10,多摩川はイン水面で、1号艇金子選手がA1級の地力を持つことを考慮し、外から攻める展開が濃厚と判断します。2号艇塚越選手もA2クラスであり、実績のある実力者であるため、内を冷静に突き抜ける可能性が高いでしょう。3号艇小林選手はB1級ながら展示成績は良好で、勝率も上位に食い込む見込みです。4号艇間野選手もB1級でA2クラスの地力があり、このレースでは軸となる存在として目立つでしょう。5号艇一柳選手と6号艇川崎選手はB1級ですが、展示が佳境に入り、内を攻めることで上位に食い込む可能性は十分です。,"[推論]
多摩川はイン水面で、1号艇金子選手がA1級の地力を持つことを考慮し、外から攻める展開が濃厚と判断します。2号艇塚越選手もA2クラスであり、実績のある実力者であるため、内を冷静に突き抜ける可能性が高いでしょう。3号艇小林選手はB1級ながら展示成績は良好で、勝率も上位に食い込む見込みです。4号艇間野選手もB1級でA2クラスの地力があり、このレースでは軸となる存在として目立つでしょう。5号艇一柳選手と6号艇川崎選手はB1級ですが、展示が佳境に入り、内を攻めることで上位に食い込む可能性は十分です。

[買い目]
1-2-3",1-2-3:100
20260619_大村_10,2026-06-19,大村,10,"大村10R、勝率6.5以上でA1級の西橋選手が本命。対抗はA1級の畑田選手、そしてA2級の秋山選手。3号艇濱野選手もA1級の実力があり、内枠を冷静に攻め込む展開が濃厚です。4号艇・5号艇はどちらもA2級で、スタートからの逃げが期待できます。
この構成からA1級の西橋奈未選手が上位に食い込むと判断します。","[推論]
大村10R、勝率6.5以上でA1級の西橋選手が本命。対抗はA1級の畑田選手、そしてA2級の秋山選手。3号艇濱野選手もA1級の実力があり、内枠を冷静に攻め込む展開が濃厚です。4号艇・5号艇はどちらもA2級で、スタートからの逃げが期待できます。
この構成からA1級の西橋奈未選手が上位に食い込むと判断します。

[買い目]
1-2-3",1-2-3:100
20260619_戸田_11,2026-06-19,戸田,11,戸田11R、A2級・A1級の競艇はメンバー大変わし地力が高く、内枠からのスタートが有力視されます。特に1号艇寺田空詩選手はA2級の地力を持ち始め、イン逃げの可能性を秘めています。対抗馬としては、A1級の2号艇安井瑞紀選手と3号艇大石真央選手。2号艇は勝率が低いものの、A1級の舟券戦で実力差を突いて上位に食い込む展開が考えられ、3号艇大石選手も実力者として注目値です。4号艇浜田亜理沙選手や5号艇森下愛梨選手は展示メンバーですが、イン逃げの軸にはなりにくいでしょう。,"[推論]
戸田11R、A2級・A1級の競艇はメンバー大変わし地力が高く、内枠からのスタートが有力視されます。特に1号艇寺田空詩選手はA2級の地力を持ち始め、イン逃げの可能性を秘めています。対抗馬としては、A1級の2号艇安井瑞紀選手と3号艇大石真央選手。2号艇は勝率が低いものの、A1級の舟券戦で実力差を突いて上位に食い込む展開が考えられ、3号艇大石選手も実力者として注目値です。4号艇浜田亜理沙選手や5号艇森下愛梨選手は展示メンバーですが、イン逃げの軸にはなりにくいでしょう。
[買い目]
1-2-3",1-2-3:100
20260619_多摩川_8,2026-06-19,多摩川,8,多摩川はインコースが比較的良好で、1号艇池田選手がA1級の地力を見せる可能性が高いと判断します。対抗にはB1級の鹿島選手と小坂選手が本命候補となり、2着争いは激化するでしょう。3号艇はA1級の実力を秘めており、内枠からのスタートで上位に食い込むことを期待します。4号艇乙津選手もB1級の地力があり、ここは3着目と見ます。5号艇、6号艇は軽量・高身軽なメンバーであり、イン逃げを冷静に行き、2、3着争いに加わる可能性が高いと予想します。,"[推論]
多摩川はインコースが比較的良好で、1号艇池田選手がA1級の地力を見せる可能性が高いと判断します。対抗にはB1級の鹿島選手と小坂選手が本命候補となり、2着争いは激化するでしょう。3号艇はA1級の実力を秘めており、内枠からのスタートで上位に食い込むことを期待します。4号艇乙津選手もB1級の地力があり、ここは3着目と見ます。5号艇、6号艇は軽量・高身軽なメンバーであり、イン逃げを冷静に行き、2、3着争いに加わる可能性が高いと予想します。

[買い目]
1-4-3",1-4-3:100
20260619_大村_7,2026-06-19,大村,7,大村はイン逃げがしやすいコースですが、地力のある3号艇・1号艇のA2級選手が軸となるでしょう。対抗では、A1級の5号艇・6号艇のメンバーが上位争いに食い込むと予想します。特に内側から攻め込む4号艇・坪口選手は、本命として一目浮きます。,"[推論]
大村はイン逃げがしやすいコースですが、地力のある3号艇・1号艇のA2級選手が軸となるでしょう。対抗では、A1級の5号艇・6号艇のメンバーが上位争いに食い込むと予想します。特に内側から攻め込む4号艇・坪口選手は、本命として一目浮きます。

[買い目]
1-3-5",1-3-5:100
20260619_尼崎_4,2026-06-19,尼崎,4,尼崎のインは限られており、ここは地力を見せる2号艇・篠原選手の好走が有力視されます。A2級のメンバーの中で勝率6.21とトップクラスの実力を誇り、内枠からスタートし上位に食い込むでしょう。しかし、3号艇刑部選手はA2級ながら、地力も十分で、3着争いに加わる可能性を秘めています。4号艇後藤選手のイン逃げは信頼度が高く、上位からの差し込みが期待できます。5号艇鶴田選手もA2級とはいえ、展示・モーターともに堅実な水面を見せ、内枠からスタートし上位に食い込むでしょう。,"[推論]
尼崎のインは限られており、ここは地力を見せる2号艇・篠原選手の好走が有力視されます。A2級のメンバーの中で勝率6.21とトップクラスの実力を誇り、内枠からスタートし上位に食い込むでしょう。しかし、3号艇刑部選手はA2級ながら、地力も十分で、3着争いに加わる可能性を秘めています。4号艇後藤選手のイン逃げは信頼度が高く、上位からの差し込みが期待できます。5号艇鶴田選手もA2級とはいえ、展示・モーターともに堅実な水面を見せ、内枠からスタートし上位に食い込むでしょう。

[買い目]
1-2-3",1-2-3:100
20260619_芦屋_3,2026-06-19,芦屋,3,芦屋の3Rはインコース有利と判断します。1号艇・A1の横田選手は勝率も高く、地力も十分です。対抗はA2級・2号艇吉村選手。B1級・3号艇石川選手も実力はあり、地力も劣ていません。4号艇・B1級・5号艇・6号艇のメンバーもB1級の実力者であり、内枠の混戦を巧みに突いて上位に食い込む可能性があります。この構成により、3連は外から仕掛けて攻め込む形が濃厚です。,"[推論]
芦屋の3Rはインコース有利と判断します。1号艇・A1の横田選手は勝率も高く、地力も十分です。対抗はA2級・2号艇吉村選手。B1級・3号艇石川選手も実力はあり、地力も劣ていません。4号艇・B1級・5号艇・6号艇のメンバーもB1級の実力者であり、内枠の混戦を巧みに突いて上位に食い込む可能性があります。この構成により、3連は外から仕掛けて攻め込む形が濃厚です。

[買い目]
1-2-3",1-2-3:100
20260619_戸田_2,2026-06-19,戸田,2,戸田2R、勝率の低迷が顕著な3号艇清埜翔子選手。展示時の機力とA2級の地力に加え、1号艇の畑田選手から外れる可能性は高いと判断します。特に注目すべきは5号艇安井瑞紀選手の舟券。A1級の圧倒的なスタートダッシュで上位争いに加わっているものの、今回はイン逃げに仕掛ける展開が予想され、内を後れられやすいでしょう。4号艇河内悠利杏選手もB1級ながら勝率こそ低くても、3号艇からの攻防で波乱が起きる可能性は否定できません。,"[推論]
戸田2R、勝率の低迷が顕著な3号艇清埜翔子選手。展示時の機力とA2級の地力に加え、1号艇の畑田選手から外れる可能性は高いと判断します。特に注目すべきは5号艇安井瑞紀選手の舟券。A1級の圧倒的なスタートダッシュで上位争いに加わっているものの、今回はイン逃げに仕掛ける展開が予想され、内を後れられやすいでしょう。4号艇河内悠利杏選手もB1級ながら勝率こそ低くても、3号艇からの攻防で波乱が起きる可能性は否定できません。

[買い目]
1-5-4",1-5-4:100
20260619_津_12,2026-06-19,津,12,"津12R、A1級の地力とイン逃げが期待できる1号艇松村敏。展示から安定した勝率をマークしているものの、ここはA1級の枠としての信頼度を高めるため、3連下で上位に食い込むのが当たるでしょう。3号艇八木治樹はA2級の地力ですが、本命としては不十分であり、4号艇赤坂俊輔の攻めが本線となります。
5号艇古田祐貴は勝率が低く、展示からスタートするメンバーの中で最も軸となる選手ではないため、3連下で上位争いを冷静に攻略します。","[推論]
津12R、A1級の地力とイン逃げが期待できる1号艇松村敏。展示から安定した勝率をマークしているものの、ここはA1級の枠としての信頼度を高めるため、3連下で上位に食い込むのが当たるでしょう。3号艇八木治樹はA2級の地力ですが、本命としては不十分であり、4号艇赤坂俊輔の攻めが本線となります。
5号艇古田祐貴は勝率が低く、展示からスタートするメンバーの中で最も軸となる選手ではないため、3連下で上位争いを冷静に攻略します。

[買い目]
1-2-3",1-2-3:100
20260619_宮島_8,2026-06-19,宮島,8,イン逃げの余地がある一方、B1級の堅実なレース展開が予想されます。特に注目すべきは3号艇中野選手です。4コースからのスタートで、内枠に攻め込む可能性が高いでしょう。対抗にはA2級の2号艇浜野選手。勝率も高く、3号艇との交錯を冷静に見極める力があります。5号艇福田選手もB1級ながら、展示から上位争いに加わる巧みなコース取りで目立つでしょう。ここは3人一icieの展開で、内から攻めてくる中野選手が軸となる3連単です。,"[推論]
イン逃げの余地がある一方、B1級の堅実なレース展開が予想されます。特に注目すべきは3号艇中野選手です。4コースからのスタートで、内枠に攻め込む可能性が高いでしょう。対抗にはA2級の2号艇浜野選手。勝率も高く、3号艇との交錯を冷静に見極める力があります。5号艇福田選手もB1級ながら、展示から上位争いに加わる巧みなコース取りで目立つでしょう。ここは3人一icieの展開で、内から攻めてくる中野選手が軸となる3連単です。

[買い目]
1-2-3",1-2-3:100
20260723_桐生_11,2026-07-23,桐生,11,桐生水面は穏やかで、インコースの1号艇大橋選手が逃げを決めれば盤石と見ます。しかし、A1級の格上相手も多数存在し、内側の波乱を捉えるには十分な戦力です。特に注目したいのは3号艇横田選手。展示タイムこそ平凡ですが、A2級としての実績とモーターの仕上がりを見据え、大橋選手の攻めを受け止める巧みなコース取りと捌きが光ります。4号艇もB1級ながら、勝率5.34と高い数字を誇り、内枠の利を活かして的確な差し込みに期待できます。この3台が連下で浮上する展開が濃厚でしょう。,"[推論]
桐生水面は穏やかで、インコースの1号艇大橋選手が逃げを決めれば盤石と見ます。しかし、A1級の格上相手も多数存在し、内側の波乱を捉えるには十分な戦力です。特に注目したいのは3号艇横田選手。展示タイムこそ平凡ですが、A2級としての実績とモーターの仕上がりを見据え、大橋選手の攻めを受け止める巧みなコース取りと捌きが光ります。4号艇もB1級ながら、勝率5.34と高い数字を誇り、内枠の利を活かして的確な差し込みに期待できます。この3台が連下で浮上する展開が濃厚でしょう。

[買い目]
1-3-6
1-3-5
3-1-5
3-5-1","1-3-6:100, 1-3-5:100, 3-1-5:100, 3-5-1:100"
20260723_桐生_9,2026-07-23,桐生,9,桐生水面はインの利が大きく、1号艇近江選手もA2級で勝率6.83と安定しています。しかし、展示から見れば全艇の平均的な動きと相まって、内側の艇がスタートでしっかりと攻め立てる展開が濃厚でしょう。特に注目すべきは5号艇齊藤選手。B1級ながら勝率は4.99と高水準であり、展示からも軽快な動きが見られ、カドから鋭い一撃を狙える可能性を秘めています。この内枠の戦いが本命となる展開が予想されます。,"[推論]
桐生水面はインの利が大きく、1号艇近江選手もA2級で勝率6.83と安定しています。しかし、展示から見れば全艇の平均的な動きと相まって、内側の艇がスタートでしっかりと攻め立てる展開が濃厚でしょう。特に注目すべきは5号艇齊藤選手。B1級ながら勝率は4.99と高水準であり、展示からも軽快な動きが見られ、カドから鋭い一撃を狙える可能性を秘めています。この内枠の戦いが本命となる展開が予想されます。

[買い目]
1-5-2
1-2-5","1-5-2:100, 1-2-5:100"
20260723_唐津_3,2026-07-23,唐津,3,唐津水面はインが強い傾向にありますが、1号艇戸敷選手はA2級で勝率も高く、モーターの#18も展示から十分な動きを見せています。しかし、ここは3号艇落合選手のアドバンテージを活かしたい。B1級ながら勝率は高いものの、展示とモーターの#21は物足りなく、スタートの遅れやターンでの抵抗が予想されやすいでしょう。そこで注目すべきは4号艇寺田選手。B2級で体重こそ一番重いですが、展示から十分な伸びを見せており、内側の混戦を冷静に突き抜ける可能性を秘めています。この3選手が中心となるはずです。,"[推論]
唐津水面はインが強い傾向にありますが、1号艇戸敷選手はA2級で勝率も高く、モーターの#18も展示から十分な動きを見せています。しかし、ここは3号艇落合選手のアドバンテージを活かしたい。B1級ながら勝率は高いものの、展示とモーターの#21は物足りなく、スタートの遅れやターンでの抵抗が予想されやすいでしょう。そこで注目すべきは4号艇寺田選手。B2級で体重こそ一番重いですが、展示から十分な伸びを見せており、内側の混戦を冷静に突き抜ける可能性を秘めています。この3選手が中心となるはずです。

[買い目]
1-3-2
1-3-4
1-2-3","1-3-2:100, 1-3-4:100, 1-2-3:100"
20260723_下関_11,2026-07-23,下関,11,下関のイン有利水面、穏やかな風が吹くコンディション。1号艇遠藤選手はA1級で勝率7.18と安定した走りを見せ、ここは逃げ切りが本線と見ます。対抗にはA2級の角ひとみ選手を挙げます。地力的には上位に食い込むチャンスがあり、続く2着争いは巧みな差し艇が中心となるでしょう。そして3着候補筆頭は展示一番時計を叩き出した5号艇香川選手です。勝率6.28と実力上位というベテランの実力を持ち、A1級の地力と展示タイムの良さが相まって、内から巧みな攻めを見せる可能性を秘めています。,"[推論]
下関のイン有利水面、穏やかな風が吹くコンディション。1号艇遠藤選手はA1級で勝率7.18と安定した走りを見せ、ここは逃げ切りが本線と見ます。対抗にはA2級の角ひとみ選手を挙げます。地力的には上位に食い込むチャンスがあり、続く2着争いは巧みな差し艇が中心となるでしょう。そして3着候補筆頭は展示一番時計を叩き出した5号艇香川選手です。勝率6.28と実力上位というベテランの実力を持ち、A1級の地力と展示タイムの良さが相まって、内から巧みな攻めを見せる可能性を秘めています。

[買い目]
1-3-5
1-3-4
1-2-3","1-3-5:100, 1-3-4:100, 1-2-3:100"
20260723_大村_8,2026-07-23,大村,8,大村8R、インの強さが際立つコンディションです。1号艇山本選手はA1級の実力に加え、大村水面利でイン逃げが濃厚と見ます。しかし、B1級の1号艇の勝率と展示タイムが平凡であり、絶対的な信頼を置くには少々不安があります。そこで注目したいのが3号艇八戸選手。B2級ながら高い勝率をマークしており、内から鋭い攻めを見せる可能性を秘めています。特にこのレースでは、1号艇がイン逃げを決めることで、3号艇がその隙を突いて上位に食い込む展開が濃厚と判断します。,"[推論]
大村8R、インの強さが際立つコンディションです。1号艇山本選手はA1級の実力に加え、大村水面利でイン逃げが濃厚と見ます。しかし、B1級の1号艇の勝率と展示タイムが平凡であり、絶対的な信頼を置くには少々不安があります。そこで注目したいのが3号艇八戸選手。B2級ながら高い勝率をマークしており、内から鋭い攻めを見せる可能性を秘めています。特にこのレースでは、1号艇がイン逃げを決めることで、3号艇がその隙を突いて上位に食い込む展開が濃厚と判断します。

[買い目]
1-2-6
1-2-4
1-3-2
1-5-2","1-2-6:100, 1-2-4:100, 1-3-2:100, 1-5-2:100"
20260723_江戸川_11,2026-07-23,江戸川,11,江戸川11R、風・波・水温は穏やかでイン有利の条件。1号艇上村選手はA1級の実力者ながら勝率がやや低く、展示次第では厳しい戦いが予想されます。ここはB1級ながら3号艇上原選手に注目し、内枠からの強襲を狙います。2号艇濱崎選手もB1級で勝率は高く、インの隙を突いて差し抜けを図る展開が濃厚と見ます。特に5号艇小林選手はA2級ながら展示タイムから伸び足があり、3着争いの本命視します。,"[推論]
江戸川11R、風・波・水温は穏やかでイン有利の条件。1号艇上村選手はA1級の実力者ながら勝率がやや低く、展示次第では厳しい戦いが予想されます。ここはB1級ながら3号艇上原選手に注目し、内枠からの強襲を狙います。2号艇濱崎選手もB1級で勝率は高く、インの隙を突いて差し抜けを図る展開が濃厚と見ます。特に5号艇小林選手はA2級ながら展示タイムから伸び足があり、3着争いの本命視します。

[買い目]
1-3-2
1-3-5
1-2-6","1-3-2:100, 1-3-5:100, 1-2-6:100"
20260723_福岡_9,2026-07-23,福岡,9,福岡9R、穏やかな水面コンディションはイン有利の条件が揃いました。1号艇小芦選手はA1級ながら勝率6.76と高い評価を受け、モーター#65の展示から自信作の本番を期待できます。2・3号艇もA2級で展開次第ですが、今回は1号艇に軸を置くのがセオリーです。ここはイン逃げから安定した走りが期待でき、3着には地力上位の4号艇山本選手が浮上する可能性が高いと見て、3連単の買い目は1-4-5、1-2-4、1-4-2で固定します。,"[推論]
福岡9R、穏やかな水面コンディションはイン有利の条件が揃いました。1号艇小芦選手はA1級ながら勝率6.76と高い評価を受け、モーター#65の展示から自信作の本番を期待できます。2・3号艇もA2級で展開次第ですが、今回は1号艇に軸を置くのがセオリーです。ここはイン逃げから安定した走りが期待でき、3着には地力上位の4号艇山本選手が浮上する可能性が高いと見て、3連単の買い目は1-4-5、1-2-4、1-4-2で固定します。

[買い目]
1-4-5
1-2-4
1-4-3","1-4-5:100, 1-2-4:100, 1-4-2:100, 1-4-3:100"
20260723_芦屋_4,2026-07-23,芦屋,4,"芦屋のインコースは強固なものがあり、このレースもその傾向が強いと見ます。1号艇深井選手はA1級で勝率も高く、体重こそNonekgですが、インからの逃げ切りを本線とします。軸は間違いなく1号艇です。
対抗には、3号艇吉川選手に注目します。A2級の地力に加え、展示からモーター#48が良好な動きを見せており、このレースで抜群のパフォーマンスを発揮する可能性が高いでしょう。内枠からの差し抜けや展開を突いた捲りまで視野に入れることができれば、舟券の魅力的な要素となります。
さらに、展示で十分光る6号艇南選手に注目します。A2級ながら勝率トップの実力者であり、モーター#1は強力な存在感。内からでも十分に上位に食い込む足がかりとなるでしょう。この3選手を軸に、高配当の面白さも期待できます。","[推論]
芦屋のインコースは強固なものがあり、このレースもその傾向が強いと見ます。1号艇深井選手はA1級で勝率も高く、体重こそNonekgですが、インからの逃げ切りを本線とします。軸は間違いなく1号艇です。
対抗には、3号艇吉川選手に注目します。A2級の地力に加え、展示からモーター#48が良好な動きを見せており、このレースで抜群のパフォーマンスを発揮する可能性が高いでしょう。内枠からの差し抜けや展開を突いた捲りまで視野に入れることができれば、舟券の魅力的な要素となります。
さらに、展示で十分光る6号艇南選手に注目します。A2級ながら勝率トップの実力者であり、モーター#1は強力な存在感。内からでも十分に上位に食い込む足がかりとなるでしょう。この3選手を軸に、高配当の面白さも期待できます。

[買い目]
1-3-6
1-3-4
1-2-3","1-3-6:100, 1-3-4:100, 1-2-3:100"
20260723_福岡_12,2026-07-23,福岡,12,福岡の穏やかな水面コンディションは、インコースが有利に働く絶好の条件です。1号艇中選手もA1級の実力者であり、ここは逃げ切る可能性が高いと見ます。しかし、3着争いは激戦となりそうです。特に注目すべきは2号艇井上選手。A1級で勝率トップの地力に加え、展示タイムも良好なため、1号艇の先マイに追随し、連対の軸として十分に期待できます。そこで、内枠の利を最大限に活かす3号艇中村選手を上位に推します。,"[推論]
福岡の穏やかな水面コンディションは、インコースが有利に働く絶好の条件です。1号艇中選手もA1級の実力者であり、ここは逃げ切る可能性が高いと見ます。しかし、3着争いは激戦となりそうです。特に注目すべきは2号艇井上選手。A1級で勝率トップの地力に加え、展示タイムも良好なため、1号艇の先マイに追随し、連対の軸として十分に期待できます。そこで、内枠の利を最大限に活かす3号艇中村選手を上位に推します。

[買い目]
1-2-3
1-2-4
1-3-2","1-2-3:100, 1-2-4:100, 1-3-2:100"
20260723_常滑_12,2026-07-23,常滑,12,常滑12R、本命はやはりA1級の守田俊介選手でしょう。このメンバー構成では、勝率トップの地力に加え、インコースからのスタートと自在なターンで逃げ切りが濃厚です。しかし、3着争いは波乱含み。特に注目したいのは、A1級の実績者である濱野谷憲吾選手。展示タイムこそ平凡ですが、そのA1級の地力と勝率こそ一級品。内枠の利を最大限に活かし、連対は必至と見ます。そして、高配当の妙味と展開を突く可能性を秘めるのが6号艇廣瀬将亨選手です。展示タイムは平凡ですが、A2級の実力者としての本番でのプレッシャーで、上位進出のチャンスは十分にあります。,"[推論]
常滑12R、本命はやはりA1級の守田俊介選手でしょう。このメンバー構成では、勝率トップの地力に加え、インコースからのスタートと自在なターンで逃げ切りが濃厚です。しかし、3着争いは波乱含み。特に注目したいのは、A1級の実績者である濱野谷憲吾選手。展示タイムこそ平凡ですが、そのA1級の地力と勝率こそ一級品。内枠の利を最大限に活かし、連対は必至と見ます。そして、高配当の妙味と展開を突く可能性を秘めるのが6号艇廣瀬将亨選手です。展示タイムは平凡ですが、A2級の実力者としての本番でのプレッシャーで、上位進出のチャンスは十分にあります。

[買い目]
1-3-4
1-3-6
1-2-3
1-2-6","1-3-4:100, 1-3-6:100, 1-2-3:100, 1-2-6:100"
20260723_丸亀_8,2026-07-23,丸亀,8,丸亀のイン有利水面。1号艇の柳生選手はA1級で勝率7.19と安定感があり、展示からもその足が十分な印象を受けました。相手には、A2級で勝率5.55の2号艇青木選手と3号艇小川選手を挙げますが、特に注目したいのは4号艇小池選手。A2級ながら展示・気象から高い機力と体重を誇り、内枠の狭い水面で上位争いに食い込む可能性は十分です。この小池選手の伸び足と高配当の魅力が、オッズに反映され、3連単の軸として強力に組み込まれるでしょう。,"[推論]
丸亀のイン有利水面。1号艇の柳生選手はA1級で勝率7.19と安定感があり、展示からもその足が十分な印象を受けました。相手には、A2級で勝率5.55の2号艇青木選手と3号艇小川選手を挙げますが、特に注目したいのは4号艇小池選手。A2級ながら展示・気象から高い機力と体重を誇り、内枠の狭い水面で上位争いに食い込む可能性は十分です。この小池選手の伸び足と高配当の魅力が、オッズに反映され、3連単の軸として強力に組み込まれるでしょう。

[買い目]
1-4-2
1-2-6
1-2-3","1-4-2:100, 1-2-6:100, 1-2-3:100"
20260723_大村_11,2026-07-23,大村,11,大村11R、穏やかな水面コンディション。このレースの軸はA1級の1号艇三角哲男選手です。大村のインコースと実績を考えると、スタートから十分に逃げ切れる可能性が高いでしょう。対抗には2号艇三村岳人選手が有力な相手ですが、今回は内枠勢の攻防に注目します。特に3号艇楠原翔太選手はB1級ながら展示タイムは優秀で、内側が競り合う展開になれば、差しや捲りで上位に食い込むチャンスを秘めています。このレースのキーマンはA2級で勝率も高く、大村水面で巧みな捌きを見せる3号艇楠原選手でしょう。,"[推論]
大村11R、穏やかな水面コンディション。このレースの軸はA1級の1号艇三角哲男選手です。大村のインコースと実績を考えると、スタートから十分に逃げ切れる可能性が高いでしょう。対抗には2号艇三村岳人選手が有力な相手ですが、今回は内枠勢の攻防に注目します。特に3号艇楠原翔太選手はB1級ながら展示タイムは優秀で、内側が競り合う展開になれば、差しや捲りで上位に食い込むチャンスを秘めています。このレースのキーマンはA2級で勝率も高く、大村水面で巧みな捌きを見せる3号艇楠原選手でしょう。

[買い目]
1-3-4
1-3-6
1-4-3","1-3-4:100, 1-3-6:100, 1-4-3:100"
20260723_下関_6,2026-07-23,下関,6,下関6R、インコースの有利を活かしつつ、1号艇喜井はA2級ながら勝率がやや低く、展示タイムも平凡。ここは3号艇香川に注目したいところです。A2級で地力があり、地元の強風の影響を受けやすい水面では、そのスタート・ターンから一気に捲り差しの展開を広げると見ています。対抗には、1号艇喜井の粘り込みと、3着争いにはインコースの利を得る2号艇来田、4号艇出穂が有力でしょう。,"[推論]
下関6R、インコースの有利を活かしつつ、1号艇喜井はA2級ながら勝率がやや低く、展示タイムも平凡。ここは3号艇香川に注目したいところです。A2級で地力があり、地元の強風の影響を受けやすい水面では、そのスタート・ターンから一気に捲り差しの展開を広げると見ています。対抗には、1号艇喜井の粘り込みと、3着争いにはインコースの利を得る2号艇来田、4号艇出穂が有力でしょう。

[買い目]
1-3-5
1-3-2
1-5-2","1-3-5:100, 1-3-2:100, 1-5-2:100"
20260723_福岡_5,2026-07-23,福岡,5,福岡5R、今日のメンバー構成ではインの1号艇山本選手が堅いと見ます。A2級の地力に加え、展示タイムもまずまずで安定したレース運びを期待できます。対抗は、A2級の実力者である2号艇大賀選手。勝率こそ低いものの、展示トップタイの好調ぶりから2コースからの鋭い差しが炸裂する可能性を秘めています。そして穴として注目したいのは4号艇小芦選手。A1級で高い勝率を誇る選手ですが、今回はB1級ながら展示一番時計を叩き出しており、モーターの仕上がりが非常に良いと判断します。この好調ぶりから、上位進出は必至であり、3着争いに絡む可能性も十分です。,"[推論]
福岡5R、今日のメンバー構成ではインの1号艇山本選手が堅いと見ます。A2級の地力に加え、展示タイムもまずまずで安定したレース運びを期待できます。対抗は、A2級の実力者である2号艇大賀選手。勝率こそ低いものの、展示トップタイの好調ぶりから2コースからの鋭い差しが炸裂する可能性を秘めています。そして穴として注目したいのは4号艇小芦選手。A1級で高い勝率を誇る選手ですが、今回はB1級ながら展示一番時計を叩き出しており、モーターの仕上がりが非常に良いと判断します。この好調ぶりから、上位進出は必至であり、3着争いに絡む可能性も十分です。

[買い目]
1-2-4
1-2-5
1-4-2","1-2-4:100, 1-2-5:100, 1-4-2:100"
20260723_常滑_7,2026-07-23,常滑,7,常滑7R、穏やかな水面はイン有利の傾向が強いですが、A1級の2号艇守田選手も展示タイムで十分突出しており、メンバー中トップの勝率を誇る地力があります。3着争いは厳しいと見ます。そこで注目したいのが6号艇四宮選手。A2級ながら高い勝率をマークしており、その圧倒的な実力は侮れません。内側の1・2号艇が競り合う展開となれば、外から一気に突き抜ける可能性を秘めており、オッズ妙味も十分です。,"[推論]
常滑7R、穏やかな水面はイン有利の傾向が強いですが、A1級の2号艇守田選手も展示タイムで十分突出しており、メンバー中トップの勝率を誇る地力があります。3着争いは厳しいと見ます。そこで注目したいのが6号艇四宮選手。A2級ながら高い勝率をマークしており、その圧倒的な実力は侮れません。内側の1・2号艇が競り合う展開となれば、外から一気に突き抜ける可能性を秘めており、オッズ妙味も十分です。

[買い目]
6-4-2
6-1-4
6-2-4
6-4-1","6-4-2:100, 6-1-4:100, 6-2-4:100, 6-4-1:100"
20260723_丸亀_9,2026-07-23,丸亀,9,丸亀のインは堅く、1号艇中野次郎はA1級で勝率も高く、スタート次第では逃げ切る可能性が高いでしょう。対抗には2号艇川上剛を挙げます。軽量で展示から十分な伸びを見せるはず。3着争いは混戦となりそうです。,"[推論]
丸亀のインは堅く、1号艇中野次郎はA1級で勝率も高く、スタート次第では逃げ切る可能性が高いでしょう。対抗には2号艇川上剛を挙げます。軽量で展示から十分な伸びを見せるはず。3着争いは混戦となりそうです。

[買い目]
1-2-3
1-2-5
1-3-5","1-2-3:100, 1-2-5:100, 1-3-5:100"
20260723_下関_9,2026-07-23,下関,9,,"[推論]下関の穏やかな水面はインコースが有利な条件です。1号艇大山選手はA2級で勝率も高く、イン逃げを最有力と見ます。しかし、2号艇田口選手もA1級の地力があり、実力の差は無視できません。3号艇中川選手もA2級で堅実な走りが期待でき、内枠勢の攻防が激化すると予想し、高配当を狙います。

[買い目]
1-2-3
1-2-4","1-2-3:100, 1-2-4:100"
20260723_福岡_2,2026-07-23,福岡,2,福岡のインコースは鉄板ですが、今日のメンバー構成では波乱も十分にあり得ます。特に注目すべきは3号艇・加倉選手。B1級ながら、このメンバーの中では勝率こそ目立ちませんが、体重が軽く、展示からも機敏な動きを見せています。内枠の狭い水面で、鋭いスタートとターンから一気に攻め込む展開が予想され、高配当を演出する可能性が高いでしょう。連下には4号艇・品川選手、5号艇・濱野選手も警戒しつつ、軸として3号艇を加倉選手に推します。,"[推論]
福岡のインコースは鉄板ですが、今日のメンバー構成では波乱も十分にあり得ます。特に注目すべきは3号艇・加倉選手。B1級ながら、このメンバーの中では勝率こそ目立ちませんが、体重が軽く、展示からも機敏な動きを見せています。内枠の狭い水面で、鋭いスタートとターンから一気に攻め込む展開が予想され、高配当を演出する可能性が高いでしょう。連下には4号艇・品川選手、5号艇・濱野選手も警戒しつつ、軸として3号艇を加倉選手に推します。

[買い目]
1-3-2
1-2-3
1-3-5","1-3-2:100, 1-2-3:100, 1-3-5:100"
20260723_鳴門_1,2026-07-23,鳴門,1,鳴門1R、インの1号艇田頭実選手はA1級トップクラスの実力者であり、勝率6.91とメンバー中最高。展示タイムも良好で、ここは不動の軸となるでしょう。対抗馬として注目したいのは2号艇村田浩司選手。B1級ながら高い勝率4.46をマークしており、3号艇常盤海心選手の体重や展示タイムが平凡なため、鋭い差し込みに期待できます。さらに高配当の使者となりうるのが4号艇富山弘幸選手。B1級で展示タイムこそ遅くても、メンバー中最高の勝率5.52と地力は十分であり、外枠からの鮮やかな攻めが期待できます。この3選手の間に内を突き抜け、上位進出を果たす可能性が高いと見ます。,"[推論]
鳴門1R、インの1号艇田頭実選手はA1級トップクラスの実力者であり、勝率6.91とメンバー中最高。展示タイムも良好で、ここは不動の軸となるでしょう。対抗馬として注目したいのは2号艇村田浩司選手。B1級ながら高い勝率4.46をマークしており、3号艇常盤海心選手の体重や展示タイムが平凡なため、鋭い差し込みに期待できます。さらに高配当の使者となりうるのが4号艇富山弘幸選手。B1級で展示タイムこそ遅くても、メンバー中最高の勝率5.52と地力は十分であり、外枠からの鮮やかな攻めが期待できます。この3選手の間に内を突き抜け、上位進出を果たす可能性が高いと見ます。

[買い目]
1-4-3
1-4-5
1-3-4
1-2-3","1-4-3:100, 1-4-5:100, 1-3-4:100, 1-2-3:100"
20260724_福岡_11,2026-07-24,福岡,11,1号艇常住選手はA1級のトップレーサーであり、モーター#52、展示#1の動きに妙味を感じます。インからスタートを決めて攻め立てる展開が濃厚と見ます。対抗には、A1級で高い勝率を誇る2号艇井上選手を挙げます。常住選手が先マイし、井上選手が追走する形であれば、両者合わせて高配当の魅力があります。3着争いは混戦ですが、B1級ながら6号艇の実森選手はA1級の地力を持つ実力者であり、外枠からの展開利で上位に食い込む可能性を秘めています。,"[推論]
1号艇常住選手はA1級のトップレーサーであり、モーター#52、展示#1の動きに妙味を感じます。インからスタートを決めて攻め立てる展開が濃厚と見ます。対抗には、A1級で高い勝率を誇る2号艇井上選手を挙げます。常住選手が先マイし、井上選手が追走する形であれば、両者合わせて高配当の魅力があります。3着争いは混戦ですが、B1級ながら6号艇の実森選手はA1級の地力を持つ実力者であり、外枠からの展開利で上位に食い込む可能性を秘めています。

[買い目]
1-2-4
1-2-6
1-3-4
1-3-2","1-2-4:100, 1-2-6:100, 1-3-4:100, 1-3-2:100"
20260724_下関_5,2026-07-24,下関,5,下関5R、穏やかな水面で波乱の芽も吹く可能性を秘めています。1号艇・竹井選手はA1級トップランカーですが、勝率が低く体重もないため、絶対的な信頼を置くにはやや不安が残ります。対する2号艇・佐々木選手はB1級で展示タイムは良好ですが、勝率は目立ちません。3着争いは混戦模様となり、内枠勢の利を活かす展開が予想されます。特に注目したいのは4号艇・山下選手。最軽量クラスで展示タイムも良好なため、機力とスタート次第では上位に食い込む可能性を秘めており、高配当を呼び込みたいところです。,"[推論]
下関5R、穏やかな水面で波乱の芽も吹く可能性を秘めています。1号艇・竹井選手はA1級トップランカーですが、勝率が低く体重もないため、絶対的な信頼を置くにはやや不安が残ります。対する2号艇・佐々木選手はB1級で展示タイムは良好ですが、勝率は目立ちません。3着争いは混戦模様となり、内枠勢の利を活かす展開が予想されます。特に注目したいのは4号艇・山下選手。最軽量クラスで展示タイムも良好なため、機力とスタート次第では上位に食い込む可能性を秘めており、高配当を呼び込みたいところです。

[買い目]
1-2-4
1-2-3
1-4-2
1-3-2","1-2-4:100, 1-2-3:100, 1-4-2:100, 1-3-2:100"
20260724_桐生_6,2026-07-24,桐生,6,桐生水面はイン有利が定評があり、まずは1号艇上平選手に絶対的な信頼を置くべきでしょう。勝率も高く、スタートから押し切る展開が濃厚です。しかし、3着争いは波乱の芽を秘めています。特に4号艇中嶋選手はB1ながら勝率が高く、展示から鋭いスタートで捲り差しに成功すれば大穴に絡む可能性を秘めています。そして、5号艇三浦選手もB1ですが、メンバー中最軽量級の体重を活かせば内がもつれる展開も想定できます。高配当を狙うなら、この3着争いを冷静に見極めることが重要です。,"[推論]
桐生水面はイン有利が定評があり、まずは1号艇上平選手に絶対的な信頼を置くべきでしょう。勝率も高く、スタートから押し切る展開が濃厚です。しかし、3着争いは波乱の芽を秘めています。特に4号艇中嶋選手はB1ながら勝率が高く、展示から鋭いスタートで捲り差しに成功すれば大穴に絡む可能性を秘めています。そして、5号艇三浦選手もB1ですが、メンバー中最軽量級の体重を活かせば内がもつれる展開も想定できます。高配当を狙うなら、この3着争いを冷静に見極めることが重要です。

[買い目]
1-4-5
1-3-4
1-3-6","1-4-5:100, 1-3-4:100, 1-3-6:100"
20260724_戸田_11,2026-07-24,戸田,11,戸田11R、A1級の野末選手がインの利を活かし、逃げ切りを狙います。しかし、B1級勢は実力不足で軸に信頼を置くのは危険と判断します。そこで注目したいのが3号艇松井選手です。A2級ながら勝率が上位6位、展示タイムも良好。内枠の利を活かし、捲り差しや捲りから追走し、3着確保が濃厚と見ます。この3連単で狙うのが本命です。,"[推論]
戸田11R、A1級の野末選手がインの利を活かし、逃げ切りを狙います。しかし、B1級勢は実力不足で軸に信頼を置くのは危険と判断します。そこで注目したいのが3号艇松井選手です。A2級ながら勝率が上位6位、展示タイムも良好。内枠の利を活かし、捲り差しや捲りから追走し、3着確保が濃厚と見ます。この3連単で狙うのが本命です。

[買い目]
2-1-3
2-3-1
1-2-3","2-1-3:100, 2-3-1:100, 1-2-3:100"
20260724_丸亀_11,2026-07-24,丸亀,11,丸亀のイン有利な水面で、本命は1号艇平本真之選手です。A1級の実績に加え、このメンバー構成なら盤石のイン逃げが期待できます。対抗馬には2号艇中野次郎選手を挙げます。1号艇が先手を取れば、鋭い差しで追走し連下を確保する可能性が高いでしょう。3着争いは混戦ですが、内枠の利を活かした3号艇古川誠之選手が浮上すると見ます。,"[推論]
丸亀のイン有利な水面で、本命は1号艇平本真之選手です。A1級の実績に加え、このメンバー構成なら盤石のイン逃げが期待できます。対抗馬には2号艇中野次郎選手を挙げます。1号艇が先手を取れば、鋭い差しで追走し連下を確保する可能性が高いでしょう。3着争いは混戦ですが、内枠の利を活かした3号艇古川誠之選手が浮上すると見ます。

[買い目]
1-2-3
1-2-4
1-2-6","1-2-3:100, 1-2-4:100, 1-2-6:100"
20260724_戸田_12,2026-07-24,戸田,12,戸田12R、穏やかな水面はインの有利を強めます。1号艇須藤選手はA1級で勝率も高く、このインコースから押し切る可能性が高いでしょう。しかし、波乱含みの展開が予想されます。特に注目したいのは4号艇中村選手。大外枠ながら勝率6.94と高い数字を叩き出しており、モーター#61の素性・展示の仕上がりから、このレースの軸として十分に評価できます。内側からの攻防が激化し、2着争いにはA1級3号艇河野選手が浮上する展開が濃厚です。,"[推論]
戸田12R、穏やかな水面はインの有利を強めます。1号艇須藤選手はA1級で勝率も高く、このインコースから押し切る可能性が高いでしょう。しかし、波乱含みの展開が予想されます。特に注目したいのは4号艇中村選手。大外枠ながら勝率6.94と高い数字を叩き出しており、モーター#61の素性・展示の仕上がりから、このレースの軸として十分に評価できます。内側からの攻防が激化し、2着争いにはA1級3号艇河野選手が浮上する展開が濃厚です。

[買い目]
1-4-5
1-4-2
1-2-4","1-4-5:100, 1-4-2:100, 1-2-4:100"
20260724_鳴門_12,2026-07-24,鳴門,12,鳴門のインは鉄板ですが、今日のメンバー構成で特に注目したいのは5号艇常盤海心選手です。B1級ながら勝率こそ低いものの、展示から見てその機力は十分。4号艇が出走しても勝負が分かれにくく、内枠の利を活かして舟券に絡む可能性を秘めています。3着争いは混戦ですが、1号艇高倉選手もA1級の実力者であり、鳴門水面でのイン逃げは堅いと見ます。,"[推論]
鳴門のインは鉄板ですが、今日のメンバー構成で特に注目したいのは5号艇常盤海心選手です。B1級ながら勝率こそ低いものの、展示から見てその機力は十分。4号艇が出走しても勝負が分かれにくく、内枠の利を活かして舟券に絡む可能性を秘めています。3着争いは混戦ですが、1号艇高倉選手もA1級の実力者であり、鳴門水面でのイン逃げは堅いと見ます。

[買い目]
5-1-2
5-1-4
1-5-2
1-5-4","5-1-2:100, 5-1-4:100, 1-5-2:100, 1-5-4:100"
20260724_住之江_8,2026-07-24,住之江,8,住之江8R、一戦は1号艇金子選手。A1級の地力に加え、勝率6.57という数字はメンバー中トップ。インコースからのスタートで押し切る可能性が極めて高いと判断します。注目すべきは2号艇鈴木選手。B1級ながら展示タイムこそ平凡ですが、その実戦力は侮れません。1-3の間に挟むことで、内側の1号艇を差し撃ちし、連対一気に突き抜ける展開が濃厚です。3着争いは混戦模様ですが、今回はA2級の3号艇東選手に期待したい。,"[推論]
住之江8R、一戦は1号艇金子選手。A1級の地力に加え、勝率6.57という数字はメンバー中トップ。インコースからのスタートで押し切る可能性が極めて高いと判断します。注目すべきは2号艇鈴木選手。B1級ながら展示タイムこそ平凡ですが、その実戦力は侮れません。1-3の間に挟むことで、内側の1号艇を差し撃ちし、連対一気に突き抜ける展開が濃厚です。3着争いは混戦模様ですが、今回はA2級の3号艇東選手に期待したい。

[買い目]
1-2-6
1-2-3
1-3-6
1-3-5","1-2-6:100, 1-2-3:100, 1-3-6:100, 1-3-5:100"
20260724_桐生_12,2026-07-24,桐生,12,桐生12R、ここはインの1号艇西村拓也（A1）が逃げ切り、高勝率を誇るA1級選手です。しかし、勝率は平均的で体重もNonekg。展示から内枠の利はありますが、本レースの軸としては十分な信頼性に欠けます。そこで注目したいのは3号艇山下大輝（A1）です。A1級上位の地力に加え、展示から伸び足とスタート力を十分に発揮できるでしょう。連対は揺るぎないものの、今回は内枠の西村選手に構わず、展開次第で上位へ食い込む2着を狙います。,"[推論]
桐生12R、ここはインの1号艇西村拓也（A1）が逃げ切り、高勝率を誇るA1級選手です。しかし、勝率は平均的で体重もNonekg。展示から内枠の利はありますが、本レースの軸としては十分な信頼性に欠けます。そこで注目したいのは3号艇山下大輝（A1）です。A1級上位の地力に加え、展示から伸び足とスタート力を十分に発揮できるでしょう。連対は揺るぎないものの、今回は内枠の西村選手に構わず、展開次第で上位へ食い込む2着を狙います。

[買い目]
3-1-2
3-1-4
3-2-1
3-1-5","3-1-2:100, 3-1-4:100, 3-2-1:100, 3-1-5:100"
20260724_芦屋_3,2026-07-24,芦屋,3,芦屋のイン有利な水面コンディションで、1号艇南選手はA2級ながら勝率5.91とイン逃げの信頼度が高く、軸としての信頼度が高い。しかし、このレースの最も注目したいのは3号艇深井選手です。A1級の格上選手であり、展示タイムも良好なため、3コースからでも十分に上位争いに食い込む可能性を秘めています。対抗には4号艇上野選手が挙げられますが、今回はインが逃げ切るか、あるいは3号艇が攻め抜く展開で、内枠の利を活かした抜け出しが狙える5号艇吉川選手に注目します。,"[推論]
芦屋のイン有利な水面コンディションで、1号艇南選手はA2級ながら勝率5.91とイン逃げの信頼度が高く、軸としての信頼度が高い。しかし、このレースの最も注目したいのは3号艇深井選手です。A1級の格上選手であり、展示タイムも良好なため、3コースからでも十分に上位争いに食い込む可能性を秘めています。対抗には4号艇上野選手が挙げられますが、今回はインが逃げ切るか、あるいは3号艇が攻め抜く展開で、内枠の利を活かした抜け出しが狙える5号艇吉川選手に注目します。

[買い目]
1-3-5
1-3-4
1-5-3","1-3-5:100, 1-3-4:100, 1-5-3:100"
20260724_住之江_4,2026-07-24,住之江,4,住之江4R、A1級の6号艇・鈴谷一平は圧倒的な地力を持つ。インの1号艇伊藤将吉も実力上位だが、6号艇の強烈な攻めとスタート次第で大穴を演出する可能性が高い。展示や気象から見ても、このレースの主役となるのは6号艇であることは揺るぎないものがある。,"[推論]
住之江4R、A1級の6号艇・鈴谷一平は圧倒的な地力を持つ。インの1号艇伊藤将吉も実力上位だが、6号艇の強烈な攻めとスタート次第で大穴を演出する可能性が高い。展示や気象から見ても、このレースの主役となるのは6号艇であることは揺るぎないものがある。

[買い目]
1-6-3
1-3-6
1-3-5","1-6-3:100, 1-3-6:100, 1-3-5:100"
20260724_丸亀_10,2026-07-24,丸亀,10,丸亀10R、水面は穏やかで風も微風。ここはインの1号艇柳生泰二選手が逃げ切り、本命視されるでしょう。しかし、3着争いは混戦模様。特に注目したいのは5号艇深水慎一郎選手です。A2級ながら勝率5.30とメンバー最下位。内枠の利を活かせば、展開次第で上位に食い込む可能性を秘めています。そこで連下に残るのが2号艇新田泰章選手。展示タイムは平凡ですが、本番での機力や捌きに期待し、3着に粘り込むと見ます。,"[推論]
丸亀10R、水面は穏やかで風も微風。ここはインの1号艇柳生泰二選手が逃げ切り、本命視されるでしょう。しかし、3着争いは混戦模様。特に注目したいのは5号艇深水慎一郎選手です。A2級ながら勝率5.30とメンバー最下位。内枠の利を活かせば、展開次第で上位に食い込む可能性を秘めています。そこで連下に残るのが2号艇新田泰章選手。展示タイムは平凡ですが、本番での機力や捌きに期待し、3着に粘り込むと見ます。

[買い目]
1-5-2
1-5-6
1-2-5
1-2-6","1-5-2:100, 1-5-6:100, 1-2-5:100, 1-2-6:100"
20260724_常滑_7,2026-07-24,常滑,7,常滑7R、水面は穏やかでインの有利が定着しやすい状況です。1号艇の四宮選手はA2級ながら勝率5.81と安定感があり、ここはその本命でしょう。しかし、内側の2号艇・3号艇はB1級で地力不足、4号艇はA1級で展示からの攻めが期待できますが、今回はインの四宮選手に絞り込みます。そして注目したいのは5号艇川島選手。B1級ながら勝率4.73と決して高くなく、体重もNonekgと軽量です。この軽さゆえにスタートとターンで大きく伸びる可能性があり、展開を突いて上位に食い込む踏ん張りの本命となるでしょう。,"[推論]
常滑7R、水面は穏やかでインの有利が定着しやすい状況です。1号艇の四宮選手はA2級ながら勝率5.81と安定感があり、ここはその本命でしょう。しかし、内側の2号艇・3号艇はB1級で地力不足、4号艇はA1級で展示からの攻めが期待できますが、今回はインの四宮選手に絞り込みます。そして注目したいのは5号艇川島選手。B1級ながら勝率4.73と決して高くなく、体重もNonekgと軽量です。この軽さゆえにスタートとターンで大きく伸びる可能性があり、展開を突いて上位に食い込む踏ん張りの本命となるでしょう。

[買い目]
1-2-5
1-4-5
1-3-4
1-5-4","1-2-5:100, 1-4-5:100, 1-3-4:100, 1-5-4:100"
20260724_尼崎_4,2026-07-24,尼崎,4,尼崎4R、本命は堅いと見ます。インの1号艇沼田大都選手（B1）は勝率が低いものの、尼崎水面はインの利が大きく活かされます。展示やモーターもまずまずで、このレースの軸として定着するでしょう。対抗馬としては、A2級で安定した勝率を持つ2号艇中村有裕選手（A2）が有力です。3号艇金子貴志選手もB1級ながら地力があり、内から粘り込む展開が期待できます。そして高配当の使者となるのは4号艇前田聖文選手（A1）。圧倒的な勝率とモーターの仕上がりで、連対は必至です。3-2-5の組み合わせで上位争いに加わってくれる可能性を秘めています。,"[推論]
尼崎4R、本命は堅いと見ます。インの1号艇沼田大都選手（B1）は勝率が低いものの、尼崎水面はインの利が大きく活かされます。展示やモーターもまずまずで、このレースの軸として定着するでしょう。対抗馬としては、A2級で安定した勝率を持つ2号艇中村有裕選手（A2）が有力です。3号艇金子貴志選手もB1級ながら地力があり、内から粘り込む展開が期待できます。そして高配当の使者となるのは4号艇前田聖文選手（A1）。圧倒的な勝率とモーターの仕上がりで、連対は必至です。3-2-5の組み合わせで上位争いに加わってくれる可能性を秘めています。

[買い目]
2-4-5
2-4-1
2-5-4
4-2-5","3-2-5:100, 2-4-5:100, 2-4-1:100, 2-5-4:100, 4-2-5:100"
20260724_戸田_3,2026-07-24,戸田,3,戸田3R、インの1号艇鈴木選手はB1級ながら勝率5.44と、このメンバーでは見劣りするものの、体重Nonekgという点は大きな武器となります。3Rのイン戦ですが、展示から一日の成し遂げられる可能性を秘めています。対抗として注目するのは2号艇澁川選手。こちらもB1級で勝率は5.77と鈴木選手に次ぐ好調度を示しており、軽量を活かせれば的確な差し込みが期待できます。特に3着には内枠の利を得た3号艇吉田選手、4号艇 佐藤選手を挙げます。,"[推論]
戸田3R、インの1号艇鈴木選手はB1級ながら勝率5.44と、このメンバーでは見劣りするものの、体重Nonekgという点は大きな武器となります。3Rのイン戦ですが、展示から一日の成し遂げられる可能性を秘めています。対抗として注目するのは2号艇澁川選手。こちらもB1級で勝率は5.77と鈴木選手に次ぐ好調度を示しており、軽量を活かせれば的確な差し込みが期待できます。特に3着には内枠の利を得た3号艇吉田選手、4号艇 佐藤選手を挙げます。

[買い目]
3-2-5
3-1-5
3-2-6
3-1-5","3-2-5:100, 3-1-5:100, 3-2-6:100"
20260724_桐生_11,2026-07-24,桐生,11,桐生はインが強い水面ですが、今日の1号艇森野選手はA1級ながら勝率わずか。展示タイムも平凡で、波乱を呼ぶ可能性は低いでしょう。そこで注目したいのは、3号艇上平選手。展示タイムは良好で、3コースから鋭い攻めを見せるだけの機動力とスタート力があります。この3号艇がインの森野選手の懐を突いて上位に食い込む展開が濃厚。2着には内枠の利を生かした1号艇森野選手、4番手には展示タイムで頭一つ抜けた6号艇大串選手が絡んでくる可能性が高いです。,"[推論]
桐生はインが強い水面ですが、今日の1号艇森野選手はA1級ながら勝率わずか。展示タイムも平凡で、波乱を呼ぶ可能性は低いでしょう。そこで注目したいのは、3号艇上平選手。展示タイムは良好で、3コースから鋭い攻めを見せるだけの機動力とスタート力があります。この3号艇がインの森野選手の懐を突いて上位に食い込む展開が濃厚。2着には内枠の利を生かした1号艇森野選手、4番手には展示タイムで頭一つ抜けた6号艇大串選手が絡んでくる可能性が高いです。

[買い目]
3-1-6
3-1-4
3-6-1
1-3-6","3-1-6:100, 3-1-4:100, 3-6-1:100, 1-3-6:100"
20260724_唐津_1,2026-07-24,唐津,1,唐津1R、穏やかな水面コンディションですが、インの1号艇吉川選手はA1級の地力があり、勝率も高く、スタート次第で逃げ切る可能性が高いと見ます。対抗馬には2号艇大島選手がB1級ながら展示一番時計を叩き出しており、このメンバーでは最内からの一撃に期待したい。4号艇土井選手はB1級で勝率は低く、展示も平凡ですが、内枠の利は侮れません。3着争いは混戦模様ですが、2号艇大島選手の攻めと、展開を突いてくる5号艇山口選手が上位に食い込む可能性が高いと判断しました。,"[推論]
唐津1R、穏やかな水面コンディションですが、インの1号艇吉川選手はA1級の地力があり、勝率も高く、スタート次第で逃げ切る可能性が高いと見ます。対抗馬には2号艇大島選手がB1級ながら展示一番時計を叩き出しており、このメンバーでは最内からの一撃に期待したい。4号艇土井選手はB1級で勝率は低く、展示も平凡ですが、内枠の利は侮れません。3着争いは混戦模様ですが、2号艇大島選手の攻めと、展開を突いてくる5号艇山口選手が上位に食い込む可能性が高いと判断しました。

[買い目]
1-2-4
1-2-5
1-4-2
1-4-5","1-2-4:100, 1-2-5:100, 1-4-2:100, 1-4-5:100"
20260724_戸田_9,2026-07-24,戸田,9,戸田の9R、強風による波乱が予想されます。1号艇桐本はA2級ながら勝率5.74とやや低く、スタートでわずかに遅れる可能性も考慮すべきでしょう。対して、3号艇原田秀弥はA2級の実力者ですが、モーター#22は展示でやや劣勢な印象を受けます。そこで注目したいのが4号艇片岡大地。B1級ながら地力十分で、3号艇の仕掛けに抵抗し、内を突いて的確に差し込み、連対の軸となる可能性を秘めています。特に、このレースの展開はインから攻め立てる展開が濃厚と判断します。,"[推論]
戸田の9R、強風による波乱が予想されます。1号艇桐本はA2級ながら勝率5.74とやや低く、スタートでわずかに遅れる可能性も考慮すべきでしょう。対して、3号艇原田秀弥はA2級の実力者ですが、モーター#22は展示でやや劣勢な印象を受けます。そこで注目したいのが4号艇片岡大地。B1級ながら地力十分で、3号艇の仕掛けに抵抗し、内を突いて的確に差し込み、連対の軸となる可能性を秘めています。特に、このレースの展開はインから攻め立てる展開が濃厚と判断します。

[買い目]
3-4-2
3-4-1
3-5-1
3-1-4","3-4-2:100, 3-4-1:100, 3-5-1:100, 3-1-4:100"
20260724_唐津_2,2026-07-24,唐津,2,"唐津のインは非常に強いですが、水面コンディションや外枠選手の足に注目です。1号艇川島選手はA2級で堅実な走りが期待できますが、モーター#19の展示から若干の不安要素もあり、ここは盤石とは言えません。そこで軸として挙げたいのは、同じA2級ながら勝率トップ6.03と圧倒的な地力を持つ2号艇後藤選手です。内枠の粘り強さは侮れませんが、1号艇の弱さを突く展開に期待し、連対を狙います。
しかし、配当妙味を追求するなら、外枠の5号艇横田選手を挙げます。B1級ながら勝率は4.60と高く、展示から特筆すべきは「モーター#44」です。これは大いに警戒が必要です。このモーターが素質を最大限に引き出す可能性があり、高配当の使者となるでしょう。特に3着には、地力のある4号艇松下選手（B1）を抑えつつ、外枠から展開を突いてくる3号艇冨成選手も浮上してきます。","[推論]
唐津のインは非常に強いですが、水面コンディションや外枠選手の足に注目です。1号艇川島選手はA2級で堅実な走りが期待できますが、モーター#19の展示から若干の不安要素もあり、ここは盤石とは言えません。そこで軸として挙げたいのは、同じA2級ながら勝率トップ6.03と圧倒的な地力を持つ2号艇後藤選手です。内枠の粘り強さは侮れませんが、1号艇の弱さを突く展開に期待し、連対を狙います。
しかし、配当妙味を追求するなら、外枠の5号艇横田選手を挙げます。B1級ながら勝率は4.60と高く、展示から特筆すべきは「モーター#44」です。これは大いに警戒が必要です。このモーターが素質を最大限に引き出す可能性があり、高配当の使者となるでしょう。特に3着には、地力のある4号艇松下選手（B1）を抑えつつ、外枠から展開を突いてくる3号艇冨成選手も浮上してきます。

[買い目]
1-2-5
1-2-3
1-4-2","1-2-5:100, 1-2-3:100, 1-4-2:100"
