RaceID,Date,Venue,R,Prediction_Grok,Log_Grok,Stakes_Grok
20260724_福岡_11,2026-07-24,福岡,11,"分析
福岡11Rは天候・展示データが不明なため、選手実力とモーター、オッズバランスを中心に判断する。1号艇・常住蓮はA1で勝率7.41と抜けた実力があり、インコースの堅実性が高い。モーターは52と平均的だが、枠なりの exp が期待できる。2号艇・井上遥妃はA1でモーター67と伸び型が良く、差し・まくり差し候補。3号艇・登玉は勝率平凡でモーター49とやや劣勢。4号艇・安河内は勝率6.56・モーター71と機力最上位で、アウトからのまくり・差しが警戒される。5号艇はB1・モーター29で明らかに戦力不足。6号艇・實森はA1で勝率6.33・モーター55と中堅以上だが、枠的に届きにくい。オッズは1軸の2-3着が6〜18倍台に集中し、1-2-3が本命、1-4系が対抗としてバランスが取れている。堅実性は1号艇イン逃げを軸に、機力上位の2・4を絡める形が妥当。

結論
1号艇の逃げを最有力とし、2号艇の先行・差しと4号艇の機力を重視。3号艇は展開次第で残し、5・6は薄め。堅実に1軸の少点数でまとめる。

買い目
1-2-3
1-2-4
1-4-2
1-3-4
1-4-3","分析
福岡11Rは天候・展示データが不明なため、選手実力とモーター、オッズバランスを中心に判断する。1号艇・常住蓮はA1で勝率7.41と抜けた実力があり、インコースの堅実性が高い。モーターは52と平均的だが、枠なりの exp が期待できる。2号艇・井上遥妃はA1でモーター67と伸び型が良く、差し・まくり差し候補。3号艇・登玉は勝率平凡でモーター49とやや劣勢。4号艇・安河内は勝率6.56・モーター71と機力最上位で、アウトからのまくり・差しが警戒される。5号艇はB1・モーター29で明らかに戦力不足。6号艇・實森はA1で勝率6.33・モーター55と中堅以上だが、枠的に届きにくい。オッズは1軸の2-3着が6〜18倍台に集中し、1-2-3が本命、1-4系が対抗としてバランスが取れている。堅実性は1号艇イン逃げを軸に、機力上位の2・4を絡める形が妥当。

結論
1号艇の逃げを最有力とし、2号艇の先行・差しと4号艇の機力を重視。3号艇は展開次第で残し、5・6は薄め。堅実に1軸の少点数でまとめる。

買い目
1-2-3
1-2-4
1-4-2
1-3-4
1-4-3","1-2-3:100, 1-2-4:100, 1-4-2:100, 1-3-4:100, 1-4-3:100"
20260724_下関_5,2026-07-24,下関,5,"**分析**

会場は下関5R。天候・風・波の詳細は欠損のため、展示情報も未反映の前提で選手・モーターとオッズバランスを中心に判断する。

- **堅実性**: 1号艇・竹井奈美（A1・勝率6.64）が唯一のA級で頭一つ抜けた実力。モーターも68と相対的に良好で、インコースからの逃げ・差しが基本形になりやすい。他は全員B1で勝率3.4〜4.5台と差があり、1号艇軸の堅い決着が想定される。
- **選手・モーター**: 2号艇・佐々木（勝率4.51・モーター48）が次点で、モーターも中位。6号艇・福山（勝率4.3・モーター55）はモーターが比較的良く、外からの伸び・まくり差しの可能性を残す。3号艇は勝率・モーターとも低く（3.47/20）、4号艇は勝率そこそこだがモーター13と最弱クラス。5号艇もモーター35で目立たない。総合力は1＞2≧6＞4≧5＞3のイメージ。
- **展示・気象**: データ欠損のため補正不可。下関はイン有利が比較的出やすい水面傾向を前提に、1号艇信頼度をやや高めに見る。
- **オッズバランス**: 1-2-4が6.2倍で本命人気、次いで1-2-3・1-2-5が続き、1号艇頭で2号艇を絡めた並びが中心。2-1-4が27倍台で穴目として浮上。1-6系や1-4系も中穴で残っており、1固めで2・4を厚く、6を少し拾う形が資金効率と堅実性のバランスが良い。3・5はオッズ妙味はあるが実力・モーター面で優先度を下げる。

**結論**
1号艇の逃げ・差しを基軸にした堅い決着を主想定。相手はモーター・勝率のバランスが良い2号艇を最優先し、次に4号艇（人気の流れ）と6号艇（モーター）を絡める。3連単は1-2一字固定＋αの少点数で抑え、大荒れより堅実寄りで対応する。

**買い目**
1-2-4
1-2-6
1-2-3
1-4-2
1-6-2","**分析**

会場は下関5R。天候・風・波の詳細は欠損のため、展示情報も未反映の前提で選手・モーターとオッズバランスを中心に判断する。

- **堅実性**: 1号艇・竹井奈美（A1・勝率6.64）が唯一のA級で頭一つ抜けた実力。モーターも68と相対的に良好で、インコースからの逃げ・差しが基本形になりやすい。他は全員B1で勝率3.4〜4.5台と差があり、1号艇軸の堅い決着が想定される。
- **選手・モーター**: 2号艇・佐々木（勝率4.51・モーター48）が次点で、モーターも中位。6号艇・福山（勝率4.3・モーター55）はモーターが比較的良く、外からの伸び・まくり差しの可能性を残す。3号艇は勝率・モーターとも低く（3.47/20）、4号艇は勝率そこそこだがモーター13と最弱クラス。5号艇もモーター35で目立たない。総合力は1＞2≧6＞4≧5＞3のイメージ。
- **展示・気象**: データ欠損のため補正不可。下関はイン有利が比較的出やすい水面傾向を前提に、1号艇信頼度をやや高めに見る。
- **オッズバランス**: 1-2-4が6.2倍で本命人気、次いで1-2-3・1-2-5が続き、1号艇頭で2号艇を絡めた並びが中心。2-1-4が27倍台で穴目として浮上。1-6系や1-4系も中穴で残っており、1固めで2・4を厚く、6を少し拾う形が資金効率と堅実性のバランスが良い。3・5はオッズ妙味はあるが実力・モーター面で優先度を下げる。

**結論**
1号艇の逃げ・差しを基軸にした堅い決着を主想定。相手はモーター・勝率のバランスが良い2号艇を最優先し、次に4号艇（人気の流れ）と6号艇（モーター）を絡める。3連単は1-2一字固定＋αの少点数で抑え、大荒れより堅実寄りで対応する。

**買い目**
1-2-4
1-2-6
1-2-3
1-4-2
1-6-2","1-2-4:100, 1-2-3:100, 1-2-5:100, 2-1-4:100, 1-2-6:100"
20260724_桐生_6,2026-07-24,桐生,6,"**分析**

会場は桐生6R。天候・風・波・展示タイムの具体数値は未提示のため、選手実力とモーター評価、オッズバランスを中心に判断する。

- **堅実性**: 1号艇・上平真二（A1・勝率6.9）が頭一つ抜けた実力。インコース有利の桐生でA1が座る以上、1号艇逃げ・まくり差しの軸が最も堅い。2〜6号は全員B1で勝率3.5〜5.5台と差があり、混戦度は中程度。ただし4号モーター43と極端に低く、4号の連対信頼度は落ちる。
- **選手・モーター**:  
  1号は勝率・級別とも優位でモーター67も平均以上。  
  5号モーター75が最上位、2号72、6号68と後続にパワー型が残る。  
  3号モーター63は平凡、4号43は明確な不安材料。  
  6号勝率5.47はB1内で相対的に高く、穴候補になり得る。
- **展示・気象**: データなし。風・波が穏やかなら1号イン逃げがさらに安定。強風・向かい波なら差し・まくり側（5・6・2）の浮上余地が増す前提で幅を持たせる。
- **オッズバランス**: 1-4-3、1-3-5、1-4-5、1-3-4が14〜16倍台で人気集中。1軸の3連単が並ぶ一方、4-2-6や5-1-4、6-4-2が20倍超で残っており、1固めで2・3着を分散させる形が期待値と安全性のバランスが良い。4号人気はモーター不振を考えると過剰、5・6の食い込みを拾う方が合理的。

総合すると「1号軸の堅実決着」が本命で、モーター上位の5・2・6を相手に絡める。4号は人気ほど信頼せず薄め。

**結論**  
1号艇の逃げ・主導を最有力とし、2着・3着はモーター良好な5・2・6を中心に形成。4号はオッズほど過信せず、穴で軽く見る程度。堅実寄り3〜4点＋やや穴1点の計4点でまとめる。

**買い目**  
1-5-2  
1-5-6  
1-2-5  
1-6-5","**分析**

会場は桐生6R。天候・風・波・展示タイムの具体数値は未提示のため、選手実力とモーター評価、オッズバランスを中心に判断する。

- **堅実性**: 1号艇・上平真二（A1・勝率6.9）が頭一つ抜けた実力。インコース有利の桐生でA1が座る以上、1号艇逃げ・まくり差しの軸が最も堅い。2〜6号は全員B1で勝率3.5〜5.5台と差があり、混戦度は中程度。ただし4号モーター43と極端に低く、4号の連対信頼度は落ちる。
- **選手・モーター**:  
  1号は勝率・級別とも優位でモーター67も平均以上。  
  5号モーター75が最上位、2号72、6号68と後続にパワー型が残る。  
  3号モーター63は平凡、4号43は明確な不安材料。  
  6号勝率5.47はB1内で相対的に高く、穴候補になり得る。
- **展示・気象**: データなし。風・波が穏やかなら1号イン逃げがさらに安定。強風・向かい波なら差し・まくり側（5・6・2）の浮上余地が増す前提で幅を持たせる。
- **オッズバランス**: 1-4-3、1-3-5、1-4-5、1-3-4が14〜16倍台で人気集中。1軸の3連単が並ぶ一方、4-2-6や5-1-4、6-4-2が20倍超で残っており、1固めで2・3着を分散させる形が期待値と安全性のバランスが良い。4号人気はモーター不振を考えると過剰、5・6の食い込みを拾う方が合理的。

総合すると「1号軸の堅実決着」が本命で、モーター上位の5・2・6を相手に絡める。4号は人気ほど信頼せず薄め。

**結論**  
1号艇の逃げ・主導を最有力とし、2着・3着はモーター良好な5・2・6を中心に形成。4号はオッズほど過信せず、穴で軽く見る程度。堅実寄り3〜4点＋やや穴1点の計4点でまとめる。

**買い目**  
1-5-2  
1-5-6  
1-2-5  
1-6-5","1-4-3:100, 1-3-5:100, 1-4-5:100, 1-3-4:100, 4-2-6:100"
20260724_戸田_11,2026-07-24,戸田,11,"分析
戸田11Rはイン有利傾向が強い水面だが、展示・気象データが欠落しているため、選手実力とモーター評価、オッズバランスを中心に判断する。

- 選手・モーター: 2号艇・森定が勝率6.15・モーター53と両面で最も高く、軸候補。1号艇・野末はA1で勝率5.99・モーター40と堅実でインから絡みやすい。3号艇・松井は勝率5.57だがモーター36とやや劣り、差し・まくりの展開次第。6号艇・澁川は勝率5.77とB1上位だが枠なり不利。4号艇はモーター43で中堅、5号艇はモーター23と明確に劣勢で穴要素が薄い。
- 堅実性: 1-2の先行・差し絡みが最も安定。2が逃げ/まくりで主導権を握るケースと、1がインを生かして残すケースが本線。3・6の食い込みは展開次第で、4・5はモーター・勝率から信頼度低め。
- オッズバランス: 2-1-3が7.8倍で突出した本命。1-2系（1-2-6、1-2-3）が続いており、人気の偏りは2軸または1-2の二強。3軸の中穴オッズ（29〜50倍台）は妙味があるが、モーター差を考えると過剰人気の可能性あり。5が絡む組み合わせは割り引き。

結論
本命はモーター・勝率上位の2号艇を軸にした2-1、1-2の堅い決着。相手は展示不明を考慮し3と6を薄く押さえ、4・5は基本除外で点数を絞る。戸田特性上インの1が残れば高配当になりにくく、2主導の方がバランス良い。

買い目
2-1-3
2-1-6
1-2-3
1-2-6
2-3-1","分析
戸田11Rはイン有利傾向が強い水面だが、展示・気象データが欠落しているため、選手実力とモーター評価、オッズバランスを中心に判断する。

- 選手・モーター: 2号艇・森定が勝率6.15・モーター53と両面で最も高く、軸候補。1号艇・野末はA1で勝率5.99・モーター40と堅実でインから絡みやすい。3号艇・松井は勝率5.57だがモーター36とやや劣り、差し・まくりの展開次第。6号艇・澁川は勝率5.77とB1上位だが枠なり不利。4号艇はモーター43で中堅、5号艇はモーター23と明確に劣勢で穴要素が薄い。
- 堅実性: 1-2の先行・差し絡みが最も安定。2が逃げ/まくりで主導権を握るケースと、1がインを生かして残すケースが本線。3・6の食い込みは展開次第で、4・5はモーター・勝率から信頼度低め。
- オッズバランス: 2-1-3が7.8倍で突出した本命。1-2系（1-2-6、1-2-3）が続いており、人気の偏りは2軸または1-2の二強。3軸の中穴オッズ（29〜50倍台）は妙味があるが、モーター差を考えると過剰人気の可能性あり。5が絡む組み合わせは割り引き。

結論
本命はモーター・勝率上位の2号艇を軸にした2-1、1-2の堅い決着。相手は展示不明を考慮し3と6を薄く押さえ、4・5は基本除外で点数を絞る。戸田特性上インの1が残れば高配当になりにくく、2主導の方がバランス良い。

買い目
2-1-3
2-1-6
1-2-3
1-2-6
2-3-1","2-1-3:100, 1-2-6:100, 1-2-3:100, 2-1-6:100, 2-3-1:100"
20260724_丸亀_11,2026-07-24,丸亀,11,"分析
会場は丸亀11R。天候・風・波・展示データが一切ないため、枠なり・イン有利の前提と選手実力・モーター番号・オッズバランスのみで判断する。  
1号艇・平本はA1で勝率7.41と抜けた実力。モーター20は数字上やや不安だが、インコースの絶対的優位と人気の集中（1-2系が極端に低い倍率）から軸としての堅実性は高い。  
2号艇・中野もA1で勝率6.44、モーター51は中位。1号艇との連対候補として最も自然で、オッズも1-2-3/1-2-4が3〜4倍台と支持を集めている。  
3号艇・古川はA2・勝率6.03・モーター58でそこそこ。4号艇・永嶋は勝率5.92・モーター45でやや劣る。5号艇・宮崎はモーター66と数字は良いが勝率5.84で差し・まくりの確実性は未知数。6号艇・野口はA1・勝率6.69・モーター61と実力上位だが、アウト枠で展開次第。  
オッズは1-2固定が圧倒的に厚く、1-3系や1-4系は20倍超とやや開いている。堅実に見るなら1号艇頭で2号艇を絡めた少点数、穴要素を入れるなら6号艇の食い込み程度に留めるのがバランス良い。展示・気象不明のため「イン逃げ濃厚」前提を崩さない。

結論
1号艇の逃げを最有力とし、2着争いは実力・人気とも優位な2号艇を本線。3着は3・4号艇の枠なりと、モーター・勝率で逆転余地のある6号艇を薄く拾う。5号艇はオッズ妙味はあるが優先度を下げる。堅実重視で1-2軸の3〜4点に絞る。

買い目
1-2-3
1-2-4
1-2-6
1-3-2
1-6-2","分析
会場は丸亀11R。天候・風・波・展示データが一切ないため、枠なり・イン有利の前提と選手実力・モーター番号・オッズバランスのみで判断する。  
1号艇・平本はA1で勝率7.41と抜けた実力。モーター20は数字上やや不安だが、インコースの絶対的優位と人気の集中（1-2系が極端に低い倍率）から軸としての堅実性は高い。  
2号艇・中野もA1で勝率6.44、モーター51は中位。1号艇との連対候補として最も自然で、オッズも1-2-3/1-2-4が3〜4倍台と支持を集めている。  
3号艇・古川はA2・勝率6.03・モーター58でそこそこ。4号艇・永嶋は勝率5.92・モーター45でやや劣る。5号艇・宮崎はモーター66と数字は良いが勝率5.84で差し・まくりの確実性は未知数。6号艇・野口はA1・勝率6.69・モーター61と実力上位だが、アウト枠で展開次第。  
オッズは1-2固定が圧倒的に厚く、1-3系や1-4系は20倍超とやや開いている。堅実に見るなら1号艇頭で2号艇を絡めた少点数、穴要素を入れるなら6号艇の食い込み程度に留めるのがバランス良い。展示・気象不明のため「イン逃げ濃厚」前提を崩さない。

結論
1号艇の逃げを最有力とし、2着争いは実力・人気とも優位な2号艇を本線。3着は3・4号艇の枠なりと、モーター・勝率で逆転余地のある6号艇を薄く拾う。5号艇はオッズ妙味はあるが優先度を下げる。堅実重視で1-2軸の3〜4点に絞る。

買い目
1-2-3
1-2-4
1-2-6
1-3-2
1-6-2","1-2-3:100, 1-2-4:100, 1-2-6:100, 1-3-2:100, 1-6-2:100"
20260724_戸田_12,2026-07-24,戸田,12,"**分析**

会場は戸田12R。天候・風・波の情報が欠損しているため、展示データや水面状況の補正は限定的で、選手実力・モーター番号・オッズバランスを中心に判断する。

全艇A1の混合戦。勝率は1号艇須藤6.97、4号艇中村6.94、2号艇福来6.85と上位が拮抗。3号艇河野6.58、6号艇三浦6.16が続き、5号艇林5.07は一段落ちる。モーターは4号艇61と6号艇50が相対的に良く、1号艇42は中位、2号艇13と3号艇21はやや劣勢寄り。戸田はインが利きやすい水面特性がある一方、モーター差と選手のターン技術で差し・まくりが絡みやすい。

オッズは1号艇軸の組み合わせが23〜30倍台に集中（1-2-4、1-2-3、1-3-2、1-2-6、1-4系）。穴寄りで3-2-4や4-1系が35〜40倍台。人気は1号艇の逃げ・差し決着を強く意識した形で、2・4の食い込みと3の先行策が次点。5号艇は勝率・人気とも薄く、6号艇はモーターは良いが枠なりでは厳しい。堅実性は「1号艇が絡む2連対ベース」が高く、3連単は1-2/1-4の頭固定がバランス良い。展示不明のため、スタート力や伸び足の急変リスクは残るが、事前情報の範囲では1号艇優位＋2・4の追随が最も説明力が高い。

**結論**
1号艇須藤の勝率と枠利を最重視し、モーター良好な4号艇中村と勝率上位の2号艇福来を相手の中心に据える。3号艇はオッズ妙味があるがモーター面で一段落ち、5・6は軸不向き。堅実に1号艇頭の少点数で、オッズが膨らみすぎない2・3・4の着順変化を拾う形が妥当。

**買い目**
1-2-4
1-2-3
1-4-2
1-4-3
1-3-2","**分析**

会場は戸田12R。天候・風・波の情報が欠損しているため、展示データや水面状況の補正は限定的で、選手実力・モーター番号・オッズバランスを中心に判断する。

全艇A1の混合戦。勝率は1号艇須藤6.97、4号艇中村6.94、2号艇福来6.85と上位が拮抗。3号艇河野6.58、6号艇三浦6.16が続き、5号艇林5.07は一段落ちる。モーターは4号艇61と6号艇50が相対的に良く、1号艇42は中位、2号艇13と3号艇21はやや劣勢寄り。戸田はインが利きやすい水面特性がある一方、モーター差と選手のターン技術で差し・まくりが絡みやすい。

オッズは1号艇軸の組み合わせが23〜30倍台に集中（1-2-4、1-2-3、1-3-2、1-2-6、1-4系）。穴寄りで3-2-4や4-1系が35〜40倍台。人気は1号艇の逃げ・差し決着を強く意識した形で、2・4の食い込みと3の先行策が次点。5号艇は勝率・人気とも薄く、6号艇はモーターは良いが枠なりでは厳しい。堅実性は「1号艇が絡む2連対ベース」が高く、3連単は1-2/1-4の頭固定がバランス良い。展示不明のため、スタート力や伸び足の急変リスクは残るが、事前情報の範囲では1号艇優位＋2・4の追随が最も説明力が高い。

**結論**
1号艇須藤の勝率と枠利を最重視し、モーター良好な4号艇中村と勝率上位の2号艇福来を相手の中心に据える。3号艇はオッズ妙味があるがモーター面で一段落ち、5・6は軸不向き。堅実に1号艇頭の少点数で、オッズが膨らみすぎない2・3・4の着順変化を拾う形が妥当。

**買い目**
1-2-4
1-2-3
1-4-2
1-4-3
1-3-2","1-2-4:100, 1-2-3:100, 1-3-2:100, 1-2-6:100, 3-2-4:100"
20260724_鳴門_12,2026-07-24,鳴門,12,"分析
鳴門12Rはイン優勢が基本の水面だが、天候・風・波・展示データが一切ないため、選手実力とモーター評価、オッズバランスを中心に判断する。

堅実性: 1号艇・高倉和士はA1で勝率7.11と抜けた軸候補。モーター評価83も高く、インから逃げ/差しを決めやすい条件が揃う。2号艇村岡もA1だがモーター36と低く、3号艇末永はA2ながらモーター74で機力補完がある。6号艇松田はA1勝率6.42だがモーター25と最弱級で、外からのまくり差しは展示次第で不安定。4・5号艇はB1低勝率で、5号艇のみモーター84と機力突出だが枠の不利が大きい。全体として1号艇固めで2・3・6の絡みが堅実ゾーン。

選手・モーター: 高倉（1）が選手・モーターとも最上位。末永（3）のモーター74と常盤（5）の84が次点の機力。村岡（2）と松田（6）は選手級は高いがモーターが足を引っ張る。出畑（4）は両面で弱い。したがって1着候補はほぼ1号艇に集約され、2着争いは2・3、3着は2・3・6が中心。5号艇は穴で一発の可能性を残す程度。

展示・気象: データなしのため過信せず、鳴門のイン利を前提に「1号艇が普通にスタートを決めれば逃げ切りやすい」との標準シナリオで見る。風が強い場合は外の差し・まくりが浮上しやすいが、現状はそれを織り込まず控えめに評価。

オッズバランス: 1-2-3が8.5倍で本命妥当。1-3-2が14.8倍、1-2-6が17.7倍と続き、1軸の2・3着替えが比較的旨味を残す。2-1や3から始まる目は30倍超で穴寄り。1-3-4や1-6-2も中穴としてバランスが取れるが、4号艇の弱さを考えると優先度は下がる。全体に1号艇軸が支持されており、過度な穴狙いは不要。

結論
1号艇高倉の逃げを軸にした堅実な組み立てが妥当。2着は村岡（モーター不安あるが枠利）と末永（機力あり）の両にらみ、3着はそこに松田を加えた形。5号艇のモーターは魅力だが、枠と選手級から本線には入れない。展示不明を考慮し、点数を絞って1軸の相手変えに徹する。

買い目
1-2-3
1-3-2
1-2-6
1-3-6
1-6-2","分析
鳴門12Rはイン優勢が基本の水面だが、天候・風・波・展示データが一切ないため、選手実力とモーター評価、オッズバランスを中心に判断する。

堅実性: 1号艇・高倉和士はA1で勝率7.11と抜けた軸候補。モーター評価83も高く、インから逃げ/差しを決めやすい条件が揃う。2号艇村岡もA1だがモーター36と低く、3号艇末永はA2ながらモーター74で機力補完がある。6号艇松田はA1勝率6.42だがモーター25と最弱級で、外からのまくり差しは展示次第で不安定。4・5号艇はB1低勝率で、5号艇のみモーター84と機力突出だが枠の不利が大きい。全体として1号艇固めで2・3・6の絡みが堅実ゾーン。

選手・モーター: 高倉（1）が選手・モーターとも最上位。末永（3）のモーター74と常盤（5）の84が次点の機力。村岡（2）と松田（6）は選手級は高いがモーターが足を引っ張る。出畑（4）は両面で弱い。したがって1着候補はほぼ1号艇に集約され、2着争いは2・3、3着は2・3・6が中心。5号艇は穴で一発の可能性を残す程度。

展示・気象: データなしのため過信せず、鳴門のイン利を前提に「1号艇が普通にスタートを決めれば逃げ切りやすい」との標準シナリオで見る。風が強い場合は外の差し・まくりが浮上しやすいが、現状はそれを織り込まず控えめに評価。

オッズバランス: 1-2-3が8.5倍で本命妥当。1-3-2が14.8倍、1-2-6が17.7倍と続き、1軸の2・3着替えが比較的旨味を残す。2-1や3から始まる目は30倍超で穴寄り。1-3-4や1-6-2も中穴としてバランスが取れるが、4号艇の弱さを考えると優先度は下がる。全体に1号艇軸が支持されており、過度な穴狙いは不要。

結論
1号艇高倉の逃げを軸にした堅実な組み立てが妥当。2着は村岡（モーター不安あるが枠利）と末永（機力あり）の両にらみ、3着はそこに松田を加えた形。5号艇のモーターは魅力だが、枠と選手級から本線には入れない。展示不明を考慮し、点数を絞って1軸の相手変えに徹する。

買い目
1-2-3
1-3-2
1-2-6
1-3-6
1-6-2","1-2-3:100, 1-3-2:100, 1-2-6:100, 1-3-4:100, 1-6-2:100"
20260724_住之江_8,2026-07-24,住之江,8,"分析
会場は住之江でインが比較的生きやすい水面傾向を前提に、堅実性を軸に見る。1号艇金子はA1・勝率6.57で選手層の中心。モーター22は数字上やや控えめで絶対的な機力優位とは言い切れないが、枠なりの安定感と級別差で軸適性は高い。対抗以下は6号艇三苫がA2・勝率6.56と選手実力で次点。モーター64もまずまずで、差し・まくり差しの一発や3着粘りを意識する。3号艇東はA2・勝率5.44でモーター67と機力面が良く、2・3着候補として手堅い。2号艇鈴木はB1・勝率4.69でモーター53、4号艇大西も同程度の勝率でモーター57、5号艇山川は勝率4.75ながらモーター72と機力上位。展示・気象データが欠落しているため、スタート展示や伸び足の優劣を直接評価できず、級別・勝率・モーター番号とオッズバランスに比重を置く。

オッズは1-3-5、1-2-6、1-3-6、1-6-3などが上位で、1号艇軸の王道と6号艇絡みが支持されている。4-2-6のような穴目も並ぶが、堅実性重視なら1号艇固めで2・3・6を絡める形がバランス良い。5号艇はモーター上位だが人気薄めで、相手を広げすぎると点数と堅実性が崩れる。全体として「1確実視＋3・6の実力・機力＋2の枠なり」が中心で、気象不明のためイン逃げ〜軽い差し展開を想定した堅めの組み合わせが妥当。

結論
軸は1号艇金子でほぼ固定。相手は実力・モーター・人気のバランスから3号艇東と6号艇三苫を優先し、2号艇鈴木を抑えに加える。5号艇は機力妙味があるが点数抑制のためメインからは外し、穴を狙いすぎない。展示不明のためワイドに広げず、1軸の3連単で堅実に絞る。

買い目
1-3-6
1-6-3
1-3-2
1-2-3
1-6-2","分析
会場は住之江でインが比較的生きやすい水面傾向を前提に、堅実性を軸に見る。1号艇金子はA1・勝率6.57で選手層の中心。モーター22は数字上やや控えめで絶対的な機力優位とは言い切れないが、枠なりの安定感と級別差で軸適性は高い。対抗以下は6号艇三苫がA2・勝率6.56と選手実力で次点。モーター64もまずまずで、差し・まくり差しの一発や3着粘りを意識する。3号艇東はA2・勝率5.44でモーター67と機力面が良く、2・3着候補として手堅い。2号艇鈴木はB1・勝率4.69でモーター53、4号艇大西も同程度の勝率でモーター57、5号艇山川は勝率4.75ながらモーター72と機力上位。展示・気象データが欠落しているため、スタート展示や伸び足の優劣を直接評価できず、級別・勝率・モーター番号とオッズバランスに比重を置く。

オッズは1-3-5、1-2-6、1-3-6、1-6-3などが上位で、1号艇軸の王道と6号艇絡みが支持されている。4-2-6のような穴目も並ぶが、堅実性重視なら1号艇固めで2・3・6を絡める形がバランス良い。5号艇はモーター上位だが人気薄めで、相手を広げすぎると点数と堅実性が崩れる。全体として「1確実視＋3・6の実力・機力＋2の枠なり」が中心で、気象不明のためイン逃げ〜軽い差し展開を想定した堅めの組み合わせが妥当。

結論
軸は1号艇金子でほぼ固定。相手は実力・モーター・人気のバランスから3号艇東と6号艇三苫を優先し、2号艇鈴木を抑えに加える。5号艇は機力妙味があるが点数抑制のためメインからは外し、穴を狙いすぎない。展示不明のためワイドに広げず、1軸の3連単で堅実に絞る。

買い目
1-3-6
1-6-3
1-3-2
1-2-3
1-6-2","1-3-5:100, 1-2-6:100, 1-3-6:100, 1-6-3:100, 4-2-6:100"
20260724_桐生_12,2026-07-24,桐生,12,"【分析】
桐生12Rは事前情報のみで判断する。1号艇・西村はA1で勝率7.28と抜けた実力。インコース有利を活かしやすく、堅実性の軸になる。3号艇・山下もA1で勝率6.97、モーター64と機力上位で、差し・まくり差しの対抗筆頭。2号艇・近江は勝率6.83と高いがモーター17が明らかに低く、展示次第で伸び悩みやすい。5号艇・古賀はA2ながらモーター61で機力があり、穴めの絡み候補。4・6はB1で勝率低く、モーターも中位以下のため本線からは外しやすい。

天候・風・波・展示タイムが未提示のため、コース取りと選手級別・モーター番号のバランスを重視。オッズは1-3-2（5.1倍）・1-2-3（6.9倍）が人気で、1号艇頭の堅い決着を市場が想定。一方で1-2-5や1-3-5が20倍台、1-5-3が30倍台と、5号艇絡みにやや妙味が残る。4号艇頭の4-2-6は人気薄で現実味は薄い。総合すると「1が逃げ・差しで主導し、2・3が続き、機力のある5が割り込む」形が最もバランスが良い。

【結論】
本命は1号艇逃げ切りを軸にした1-3・1-2の堅実決着。相手は機力上位の3を最優先し、2を抑え、穴要素として5を少量絡める。4・6は切り。オッズ妙味を残しつつ的中率を優先した配分とする。

【買い目】
1-3-2
1-2-3
1-3-5
1-2-5
1-5-3","【分析】
桐生12Rは事前情報のみで判断する。1号艇・西村はA1で勝率7.28と抜けた実力。インコース有利を活かしやすく、堅実性の軸になる。3号艇・山下もA1で勝率6.97、モーター64と機力上位で、差し・まくり差しの対抗筆頭。2号艇・近江は勝率6.83と高いがモーター17が明らかに低く、展示次第で伸び悩みやすい。5号艇・古賀はA2ながらモーター61で機力があり、穴めの絡み候補。4・6はB1で勝率低く、モーターも中位以下のため本線からは外しやすい。

天候・風・波・展示タイムが未提示のため、コース取りと選手級別・モーター番号のバランスを重視。オッズは1-3-2（5.1倍）・1-2-3（6.9倍）が人気で、1号艇頭の堅い決着を市場が想定。一方で1-2-5や1-3-5が20倍台、1-5-3が30倍台と、5号艇絡みにやや妙味が残る。4号艇頭の4-2-6は人気薄で現実味は薄い。総合すると「1が逃げ・差しで主導し、2・3が続き、機力のある5が割り込む」形が最もバランスが良い。

【結論】
本命は1号艇逃げ切りを軸にした1-3・1-2の堅実決着。相手は機力上位の3を最優先し、2を抑え、穴要素として5を少量絡める。4・6は切り。オッズ妙味を残しつつ的中率を優先した配分とする。

【買い目】
1-3-2
1-2-3
1-3-5
1-2-5
1-5-3","1-3-2:100, 1-2-3:100, 1-2-5:100, 1-3-5:100, 1-5-3:100"
20260724_芦屋_3,2026-07-24,芦屋,3,"【分析】
会場は芦屋3R。天候・風・波・展示タイムの詳細が不明なため、選手実力・級別・勝率・モーター番号と人気オッズのバランスを中心に判断する。

- 1号艇・南佑典（A2・勝率5.91・モーター1）：インコースの利があり、勝率も安定。モーター番号は低いが、枠の強さで軸候補。オッズでも1着固定の組み合わせが上位を占め、堅実視されている。
- 3号艇・深井利寿（A1・勝率6.7・モーター52）：全体で最も高い勝率のA1。モーターも中位以上で信頼度が高い。差し・まくり差しの選択肢があり、1号艇との連対が濃厚。
- 5号艇・吉川昭男（A2・勝率6.08・モーター48）：勝率6点台で実力十分。モーターもまずまず。外側から差し・まくりで絡みやすく、1-3との三連複で人気上位。
- 4号艇・上野俊樹（B1・勝率5.27・モーター55）：勝率はまずまずでモーター番号が高め。穴党の注目点だが、B1で安定感は一段落ちる。
- 2号艇・表健太（B1・勝率3.37・モーター43）と6号艇・植木美帆（B2・勝率2.36・モーター39）：勝率が低く、モーターも目立たない。大きく崩れる要素が少ない限り、上位固定からは外しやすい。

オッズは1-3-5系が8〜9倍台で支持を集め、3-1-5や5-1-3が15〜20倍前後。1号艇を軸に3・5を相手にする形が最もバランスが良く、堅実性と配当の両立が可能。展示・気象不明のため、イン優勢の芦屋らしい展開を想定し、1号艇の逃げ・残りを基本に置く。

【結論】
実力上位の1・3・5を中心とした堅実な決着が濃厚。1号艇を軸に3・5の着順変化を押さえ、穴として4号艇を薄く絡める程度が妥当。2・6は勝率・級別から優先度を下げる。

【買い目】
1-3-5
1-5-3
3-1-5
1-3-4
5-1-3","【分析】
会場は芦屋3R。天候・風・波・展示タイムの詳細が不明なため、選手実力・級別・勝率・モーター番号と人気オッズのバランスを中心に判断する。

- 1号艇・南佑典（A2・勝率5.91・モーター1）：インコースの利があり、勝率も安定。モーター番号は低いが、枠の強さで軸候補。オッズでも1着固定の組み合わせが上位を占め、堅実視されている。
- 3号艇・深井利寿（A1・勝率6.7・モーター52）：全体で最も高い勝率のA1。モーターも中位以上で信頼度が高い。差し・まくり差しの選択肢があり、1号艇との連対が濃厚。
- 5号艇・吉川昭男（A2・勝率6.08・モーター48）：勝率6点台で実力十分。モーターもまずまず。外側から差し・まくりで絡みやすく、1-3との三連複で人気上位。
- 4号艇・上野俊樹（B1・勝率5.27・モーター55）：勝率はまずまずでモーター番号が高め。穴党の注目点だが、B1で安定感は一段落ちる。
- 2号艇・表健太（B1・勝率3.37・モーター43）と6号艇・植木美帆（B2・勝率2.36・モーター39）：勝率が低く、モーターも目立たない。大きく崩れる要素が少ない限り、上位固定からは外しやすい。

オッズは1-3-5系が8〜9倍台で支持を集め、3-1-5や5-1-3が15〜20倍前後。1号艇を軸に3・5を相手にする形が最もバランスが良く、堅実性と配当の両立が可能。展示・気象不明のため、イン優勢の芦屋らしい展開を想定し、1号艇の逃げ・残りを基本に置く。

【結論】
実力上位の1・3・5を中心とした堅実な決着が濃厚。1号艇を軸に3・5の着順変化を押さえ、穴として4号艇を薄く絡める程度が妥当。2・6は勝率・級別から優先度を下げる。

【買い目】
1-3-5
1-5-3
3-1-5
1-3-4
5-1-3","1-3-5:100, 3-1-5:100, 5-1-3:100, 1-5-3:100, 1-3-4:100"
20260724_住之江_4,2026-07-24,住之江,4,"分析
住之江4Rはイン優勢水面だが、展示・気象データが欠落しているため、選手級別・勝率・モーター番号のバランスと人気オッズから堅実性を判断する。1号艇伊藤（A2・勝率6.09・モーター80）は勝率・モーターとも上位でインから逃げ切れやすい軸候補。3号艇水摩（A2・5.82・59）は安定感があり2着候補として自然。6号艇鈴谷はA1で勝率6.05と高いがモーター11と極端に低く、差し・まくり差しでの巻き返しは限定的。4号艇小宮はB1ながらモーター85と最上位級で穴党の注目点だが、勝率4.32と地力不足で本命にはしにくい。2号艇・5号艇は勝率・モーターとも平凡で大きく崩す材料に乏しい。オッズは1-3-6が7.9倍で本命妥当、1-6系や4絡みがやや割れているため、1軸の堅い3連単を中心に4のモーターを少し拾う形がバランス良い。

結論
1号艇の逃げを基軸に、3号艇の追従を最有力視。6号艇は級別で残し、4号艇はモーター次第の穴として少数点で抑える。気象不明のためイン信頼度を優先した堅実組み立てとする。

買い目
1-3-6
1-6-3
1-3-4
1-4-3
4-1-3","分析
住之江4Rはイン優勢水面だが、展示・気象データが欠落しているため、選手級別・勝率・モーター番号のバランスと人気オッズから堅実性を判断する。1号艇伊藤（A2・勝率6.09・モーター80）は勝率・モーターとも上位でインから逃げ切れやすい軸候補。3号艇水摩（A2・5.82・59）は安定感があり2着候補として自然。6号艇鈴谷はA1で勝率6.05と高いがモーター11と極端に低く、差し・まくり差しでの巻き返しは限定的。4号艇小宮はB1ながらモーター85と最上位級で穴党の注目点だが、勝率4.32と地力不足で本命にはしにくい。2号艇・5号艇は勝率・モーターとも平凡で大きく崩す材料に乏しい。オッズは1-3-6が7.9倍で本命妥当、1-6系や4絡みがやや割れているため、1軸の堅い3連単を中心に4のモーターを少し拾う形がバランス良い。

結論
1号艇の逃げを基軸に、3号艇の追従を最有力視。6号艇は級別で残し、4号艇はモーター次第の穴として少数点で抑える。気象不明のためイン信頼度を優先した堅実組み立てとする。

買い目
1-3-6
1-6-3
1-3-4
1-4-3
4-1-3","1-3-6:100, 1-6-3:100, 1-3-4:100, 1-4-3:100, 4-1-3:100"
20260724_丸亀_10,2026-07-24,丸亀,10,"分析
会場は丸亀10R。天候・風・波の詳細がなく展示情報も不明なため、選手実力とモーター番号、オッズバランスを中心に判断する。1号艇・柳生泰二はA1で勝率7.19と抜けた軸候補。モーター15は平均的だがインコース有利を活かしやすく堅実性が高い。2号艇・新田泰章もA1勝率6.36でモーター21、1号艇との連対が自然。3号艇はB1ながら勝率5.82・モーター48でやや浮上の可能性あり。4・5号艇はA2で勝率・モーターとも中位、6号艇はB1でモーター6とやや劣勢。オッズは1-2-3が5.3倍で本命、1-2-6/1-3-2が続き、1号艇頭の組み合わせに人気が集中。穴目の3-1系は36倍超で割り引き。全体として1号艇固めで2・3を絡めた堅実な形がバランス良い。

結論
1号艇を軸にした堅実な決着が濃厚。2号艇との上位固定を基本に、3号艇の食い込みと人気薄の4・6を少量絡める程度が妥当。展示・気象不明のため大きく荒れを想定せず、本命寄りで抑える。

買い目
1-2-3
1-2-6
1-3-2
1-2-4
1-3-4","分析
会場は丸亀10R。天候・風・波の詳細がなく展示情報も不明なため、選手実力とモーター番号、オッズバランスを中心に判断する。1号艇・柳生泰二はA1で勝率7.19と抜けた軸候補。モーター15は平均的だがインコース有利を活かしやすく堅実性が高い。2号艇・新田泰章もA1勝率6.36でモーター21、1号艇との連対が自然。3号艇はB1ながら勝率5.82・モーター48でやや浮上の可能性あり。4・5号艇はA2で勝率・モーターとも中位、6号艇はB1でモーター6とやや劣勢。オッズは1-2-3が5.3倍で本命、1-2-6/1-3-2が続き、1号艇頭の組み合わせに人気が集中。穴目の3-1系は36倍超で割り引き。全体として1号艇固めで2・3を絡めた堅実な形がバランス良い。

結論
1号艇を軸にした堅実な決着が濃厚。2号艇との上位固定を基本に、3号艇の食い込みと人気薄の4・6を少量絡める程度が妥当。展示・気象不明のため大きく荒れを想定せず、本命寄りで抑える。

買い目
1-2-3
1-2-6
1-3-2
1-2-4
1-3-4","1-2-3:100, 1-2-6:100, 1-3-2:100, 1-2-4:100, 1-3-4:100"
20260724_常滑_7,2026-07-24,常滑,7,"分析
常滑7Rは天候・風・波・展示データが不明なため、選手級別・勝率・モーター番号と人気オッズのバランスを中心に判断する。

選手・モーター面では4号艇・青木玄太（A1・勝率7.07・モーター59）が突出。A1で勝率も高く、モーター番号からも相対的に信頼度が高い。1号艇・四宮与寛（A2・5.81・モーター9）と2号艇・郷原章平（A2・5.85・モーター25）は勝率ほぼ同等の安定層で、イン・センターからの絡みやすい位置。3号艇西川（B1・4.14）、5号艇川島（B1・4.73）、6号艇佐口（B1・4.76）は勝率・級別とも一段落ち、モーターも特別優位とは言えない。堅実性は「4の逃げor差しを軸に1・2が追随、3・5・6は穴要素」という構図。

オッズは4-1-2（19.4倍）を筆頭に4-1系と1-4系が上位を占め、4-5系や1-2-6も並ぶ。人気が4と1に集中しつつ5・2・6が薄く絡む形で、過度な偏りはなくバランスは取れている。展示不明のためスタート気配や伸びは未知数だが、級別差とオッズ支持から4軸の2連対率が相対的に高いと見るのが妥当。

結論
軸は実力・人気とも優位な4号艇。相手は勝率安定の1号艇を最優先し、同率A2の2号艇と穴の5号艇を薄く添える。3・6は勝率・級別から本線から外し、点数を抑えた堅実寄りにする。展示・気象が判明すれば修正余地ありだが、事前情報のみでは4-1基調が最も再現性が高い。

買い目
4-1-2
4-1-5
1-4-2
4-5-1
1-4-5","分析
常滑7Rは天候・風・波・展示データが不明なため、選手級別・勝率・モーター番号と人気オッズのバランスを中心に判断する。

選手・モーター面では4号艇・青木玄太（A1・勝率7.07・モーター59）が突出。A1で勝率も高く、モーター番号からも相対的に信頼度が高い。1号艇・四宮与寛（A2・5.81・モーター9）と2号艇・郷原章平（A2・5.85・モーター25）は勝率ほぼ同等の安定層で、イン・センターからの絡みやすい位置。3号艇西川（B1・4.14）、5号艇川島（B1・4.73）、6号艇佐口（B1・4.76）は勝率・級別とも一段落ち、モーターも特別優位とは言えない。堅実性は「4の逃げor差しを軸に1・2が追随、3・5・6は穴要素」という構図。

オッズは4-1-2（19.4倍）を筆頭に4-1系と1-4系が上位を占め、4-5系や1-2-6も並ぶ。人気が4と1に集中しつつ5・2・6が薄く絡む形で、過度な偏りはなくバランスは取れている。展示不明のためスタート気配や伸びは未知数だが、級別差とオッズ支持から4軸の2連対率が相対的に高いと見るのが妥当。

結論
軸は実力・人気とも優位な4号艇。相手は勝率安定の1号艇を最優先し、同率A2の2号艇と穴の5号艇を薄く添える。3・6は勝率・級別から本線から外し、点数を抑えた堅実寄りにする。展示・気象が判明すれば修正余地ありだが、事前情報のみでは4-1基調が最も再現性が高い。

買い目
4-1-2
4-1-5
1-4-2
4-5-1
1-4-5","4-1-2:100, 1-2-6:100, 4-1-5:100, 1-4-2:100, 4-5-1:100"
20260724_尼崎_4,2026-07-24,尼崎,4,"分析
尼崎4Rは展示・気象データが欠けているため、選手勝率とモーター番号、人気オッズのバランスを中心に判断する。1号艇沼田はB1で勝率4.67・モーター25とインの絶対的信頼度は低く、単騎での堅さは期待しにくい。2号艇中村はA2勝率6.12でモーター18とやや劣るが、オッズで2先頭の組み合わせが上位を占めており市場の支持が厚い。4号艇前田はA1勝率6.27・モーター50、5号艇安河内はA1勝率6.21・モーター4と実力上位勢が並び、両者の絡みが中心になりやすい。3号艇金子はモーター58で機力面の上振れ余地はあるが勝率5.02と地力不足、6号艇川原はモーター61で機力は良いものの枠なりの展開では届きにくい。オッズは2-5-4、2-4-5が最上位で、次いで5-2-4や1絡み・4絡みが続き、2・4・5の三強に1を絡めた形が妥当。堅実性は2や4の逃げ・差しを軸にした少点数に留め、穴の3・6は薄く見る。

結論
実力と人気のバランスから2・4・5を軸に、インの1を絡めた堅めの3連単が妥当。展示不明のため過度な穴狙いは避け、オッズ10〜20倍帯を中心に抑える。

買い目
2-5-4
2-4-5
5-2-4
4-2-5
1-2-4","分析
尼崎4Rは展示・気象データが欠けているため、選手勝率とモーター番号、人気オッズのバランスを中心に判断する。1号艇沼田はB1で勝率4.67・モーター25とインの絶対的信頼度は低く、単騎での堅さは期待しにくい。2号艇中村はA2勝率6.12でモーター18とやや劣るが、オッズで2先頭の組み合わせが上位を占めており市場の支持が厚い。4号艇前田はA1勝率6.27・モーター50、5号艇安河内はA1勝率6.21・モーター4と実力上位勢が並び、両者の絡みが中心になりやすい。3号艇金子はモーター58で機力面の上振れ余地はあるが勝率5.02と地力不足、6号艇川原はモーター61で機力は良いものの枠なりの展開では届きにくい。オッズは2-5-4、2-4-5が最上位で、次いで5-2-4や1絡み・4絡みが続き、2・4・5の三強に1を絡めた形が妥当。堅実性は2や4の逃げ・差しを軸にした少点数に留め、穴の3・6は薄く見る。

結論
実力と人気のバランスから2・4・5を軸に、インの1を絡めた堅めの3連単が妥当。展示不明のため過度な穴狙いは避け、オッズ10〜20倍帯を中心に抑える。

買い目
2-5-4
2-4-5
5-2-4
4-2-5
1-2-4","2-5-4:100, 2-4-5:100, 5-2-4:100, 4-2-5:100, 1-2-4:100"
20260724_戸田_3,2026-07-24,戸田,3,"**分析**

会場は戸田。展示・気象データが未記載のため、コース特性（イン有利だが差し・まくりも出やすい）と選手・モーター・オッズバランスを中心に判断する。

- **選手・級別・勝率**: 5号艇福来剛（A1・勝率6.85）が実力最上位。次いで3号艇吉田俊彦（A2・6.62）。1・2号艇はB1で勝率5台半ば、4・6号艇はさらに低く、軸候補は3・5に絞られる。1号艇のインコース利は残るが、勝率・級別で見劣り。
- **モーター**: 4号艇62と6号艇55が相対的に上位番号。2号艇38、3号艇26は中位。1号艇7と5号艇13は番号が低く、展示不明のため過信は禁物。モーターだけで大きく逆転する材料は薄い。
- **展示・気象**: データなし。風・波の影響を織り込めないため、コース取りと選手実績の安定性を優先。戸田はインが決まりやすい傾向を前提に、3号艇の差し・まくり余地と5号艇のセンターからの攻めを評価。
- **オッズバランス**: 3-5-2、3-2-5、3-1-5、3-5-1が26〜30倍帯で並び、3号艇軸の人気が明確。5-3-2も36倍台で続き、実力上位の3・5が互いに絡む形。1号艇絡みや2号艇軸は若干薄く、穴要素は4・6号艇のモーター次第。堅実性は「3軸の2連対＋5の相手」が最もバランス良い。穴を拾うならモーター上位の4を軽く見る程度。

総合すると、実力と人気が一致している3・5を軸に、2号艇の先行・差しと1号艇のイン残しを相手に据えるのが堅実。4はモーターのみで連下に限定。

**結論**  
本命は3号艇吉田の逃げ・差し決着。相手は実力上位の5号艇福来を最優先し、続いて2号艇澁川と1号艇鈴木。4号艇はモーター期待で薄く拾う。6号艇は勝率・位置から除外。展示不明のため過度な穴狙いは避け、3軸の堅い3連単に絞る。

**買い目**  
3-5-2  
3-5-1  
3-2-5  
3-1-5  
3-5-4","**分析**

会場は戸田。展示・気象データが未記載のため、コース特性（イン有利だが差し・まくりも出やすい）と選手・モーター・オッズバランスを中心に判断する。

- **選手・級別・勝率**: 5号艇福来剛（A1・勝率6.85）が実力最上位。次いで3号艇吉田俊彦（A2・6.62）。1・2号艇はB1で勝率5台半ば、4・6号艇はさらに低く、軸候補は3・5に絞られる。1号艇のインコース利は残るが、勝率・級別で見劣り。
- **モーター**: 4号艇62と6号艇55が相対的に上位番号。2号艇38、3号艇26は中位。1号艇7と5号艇13は番号が低く、展示不明のため過信は禁物。モーターだけで大きく逆転する材料は薄い。
- **展示・気象**: データなし。風・波の影響を織り込めないため、コース取りと選手実績の安定性を優先。戸田はインが決まりやすい傾向を前提に、3号艇の差し・まくり余地と5号艇のセンターからの攻めを評価。
- **オッズバランス**: 3-5-2、3-2-5、3-1-5、3-5-1が26〜30倍帯で並び、3号艇軸の人気が明確。5-3-2も36倍台で続き、実力上位の3・5が互いに絡む形。1号艇絡みや2号艇軸は若干薄く、穴要素は4・6号艇のモーター次第。堅実性は「3軸の2連対＋5の相手」が最もバランス良い。穴を拾うならモーター上位の4を軽く見る程度。

総合すると、実力と人気が一致している3・5を軸に、2号艇の先行・差しと1号艇のイン残しを相手に据えるのが堅実。4はモーターのみで連下に限定。

**結論**  
本命は3号艇吉田の逃げ・差し決着。相手は実力上位の5号艇福来を最優先し、続いて2号艇澁川と1号艇鈴木。4号艇はモーター期待で薄く拾う。6号艇は勝率・位置から除外。展示不明のため過度な穴狙いは避け、3軸の堅い3連単に絞る。

**買い目**  
3-5-2  
3-5-1  
3-2-5  
3-1-5  
3-5-4","3-5-2:100, 3-2-5:100, 3-1-5:100, 3-5-1:100, 5-3-2:100"
20260724_桐生_11,2026-07-24,桐生,11,"分析
桐生11Rはイン優勢水面だが、展示・気象データが欠落しているため、選手実力とモーター番号、オッズバランスを中心に判断する。1号艇・森野はA1で勝率6.6と安定感があり、インから堅くまとめやすい。3号艇・上平もA1で勝率6.9と全体トップ級で、モーター67と相対的に上位番号を持ち、差し・まくり両対応の軸候補。2号艇・立間はA2で勝率5.53・モーター44とまずまずで、1-3の相手として自然。4号艇・齊藤はB1ながら勝率4.99・モーター42で穴要素があり、オッズでも4絡みが浮上している。5号艇は勝率3.27・モーター22と明らかに劣勢で、6号艇はA2勝率5.72だがモーター25で伸び切れにくい印象。人気は1-3系が中心で1-3-2が8.4倍と本命妥当、一方3-1系や4絡みは中穴としてバランスが取れており、過度な偏りはない。堅実性は1号艇先行を軸に3号艇の連対を重視する形が無難。

結論
本命は1号艇の逃げ・差し固め。相手は実力上位の3号艇を最優先し、2号艇を添え、穴として4号艇のカマシを少量拾う。5号艇は切り、6号艇は3連単の3着薄めまで。展示不明のためイン信頼度をやや割り引くが、オッズと級別のバランスから1-3軸が最も期待値が高い。

買い目
1-3-2
1-3-4
1-2-3
3-1-2
1-3-6","分析
桐生11Rはイン優勢水面だが、展示・気象データが欠落しているため、選手実力とモーター番号、オッズバランスを中心に判断する。1号艇・森野はA1で勝率6.6と安定感があり、インから堅くまとめやすい。3号艇・上平もA1で勝率6.9と全体トップ級で、モーター67と相対的に上位番号を持ち、差し・まくり両対応の軸候補。2号艇・立間はA2で勝率5.53・モーター44とまずまずで、1-3の相手として自然。4号艇・齊藤はB1ながら勝率4.99・モーター42で穴要素があり、オッズでも4絡みが浮上している。5号艇は勝率3.27・モーター22と明らかに劣勢で、6号艇はA2勝率5.72だがモーター25で伸び切れにくい印象。人気は1-3系が中心で1-3-2が8.4倍と本命妥当、一方3-1系や4絡みは中穴としてバランスが取れており、過度な偏りはない。堅実性は1号艇先行を軸に3号艇の連対を重視する形が無難。

結論
本命は1号艇の逃げ・差し固め。相手は実力上位の3号艇を最優先し、2号艇を添え、穴として4号艇のカマシを少量拾う。5号艇は切り、6号艇は3連単の3着薄めまで。展示不明のためイン信頼度をやや割り引くが、オッズと級別のバランスから1-3軸が最も期待値が高い。

買い目
1-3-2
1-3-4
1-2-3
3-1-2
1-3-6","1-3-2:100, 1-3-4:100, 1-2-3:100, 3-1-2:100, 1-3-6:100"
20260724_唐津_1,2026-07-24,唐津,1,"分析
唐津1Rは天候・風・波・展示データが未提示のため、選手実力とモーター番号、オッズバランスを中心に判断する。1号艇・吉川喜継は唯一のA1で勝率6.38と抜けており、インコース有利を活かした堅実な逃げ・差しが期待できる軸。2号艇・大島はB1ながら勝率5.05でモーター59と相対的に上位で、1号艇との連対候補として自然。4号艇・土井（勝率4.6・モーター28）と6号艇・吉田（勝率4.77・モーター48）が続いており、3連単の相手として現実的。一方3号艇・日高は勝率2.18と極端に低く、5号艇・山口も勝率3.95・モーター14でやや劣勢。人気オッズは1-2-4/1-2-5が5〜6倍台で本命ゾーン、1-4-2や1-2-6が10倍前後で中穴、1-5系がやや割れている。全体として1号艇固めで2・4を絡めた堅実な形がバランス良く、穴狙いは過剰に広げない方が良い。

結論
1号艇の逃げを軸に、実力上位の2号艇を優先しつつ4号艇を絡めるのが最も堅実。3号艇は大きく割り引き、5・6は状況次第で薄く押さえる程度。オッズ的にも1-2基調が妥当で、大きく崩れる材料は現状見当たらない。

買い目
1-2-4
1-2-5
1-4-2
1-2-6
1-4-5","分析
唐津1Rは天候・風・波・展示データが未提示のため、選手実力とモーター番号、オッズバランスを中心に判断する。1号艇・吉川喜継は唯一のA1で勝率6.38と抜けており、インコース有利を活かした堅実な逃げ・差しが期待できる軸。2号艇・大島はB1ながら勝率5.05でモーター59と相対的に上位で、1号艇との連対候補として自然。4号艇・土井（勝率4.6・モーター28）と6号艇・吉田（勝率4.77・モーター48）が続いており、3連単の相手として現実的。一方3号艇・日高は勝率2.18と極端に低く、5号艇・山口も勝率3.95・モーター14でやや劣勢。人気オッズは1-2-4/1-2-5が5〜6倍台で本命ゾーン、1-4-2や1-2-6が10倍前後で中穴、1-5系がやや割れている。全体として1号艇固めで2・4を絡めた堅実な形がバランス良く、穴狙いは過剰に広げない方が良い。

結論
1号艇の逃げを軸に、実力上位の2号艇を優先しつつ4号艇を絡めるのが最も堅実。3号艇は大きく割り引き、5・6は状況次第で薄く押さえる程度。オッズ的にも1-2基調が妥当で、大きく崩れる材料は現状見当たらない。

買い目
1-2-4
1-2-5
1-4-2
1-2-6
1-4-5","1-2-4:100, 1-2-5:100, 1-4-2:100, 1-2-6:100, 1-4-5:100"
20260724_戸田_9,2026-07-24,戸田,9,"**分析**

会場は戸田。インが比較的生きやすいが、モーター差と選手の級別・勝率で流れが変わりやすい水面。天候・風・波・展示タイムの数値が一切ないため、選手勝率・級別・モーター番号（簡易的な性能指標）と人気オッズのバランスだけで判断する。

- 堅実性: 1号艇桐本（A2・勝率5.74・M29）と3号艇原田（A2・勝率5.77・M22）が軸候補。両者ともA2で勝率拮抗。2号艇福嶋はB1で勝率低めだがM30と相対的に上位。4号艇片岡もA2だが勝率4.91とやや落ちる。5号艇鈴木はB1ながら勝率5.44と穴党的な数字、ただしM7は明らかに劣勢。6号艇山下は勝率3.83で戦力不足寄り。
- 選手・モーター: 1・3が実力上位で拮抗。モーターは2号が30で相対的に良く、1号29もまずまず。3号22・4号24は中位、5号7は明確に弱い。イン逃げ～差しの基本形に加え、3号のまくり・まくり差しや2号の差し残りを警戒。
- 展示・気象: データなしのため補正不能。戸田の標準的なイン有利バイアスを前提に、極端な追い風・向かい風がない想定で進める。
- オッズバランス: 1-2-6が23.3倍で頭一つ抜けた人気。続いて3軸の3-2-4（25.5）、3-4-2（32.1）が並び、1軸の1-4-5や1-3系も30倍台。1と3の両にらみで、2・4が絡む形が支持されている。5が絡むとやや高配当寄り。過熱しすぎた1-2固着より、3の逆転と4の食い込みを意識した方が期待値は取りやすい。

総合すると、1号の逃げ切りをベースにしつつ、3号の攻めと2・4の連対を重視。5はモーター劣勢で抑えめ、6は薄め。

**結論**

本命は1号艇の逃げ・差し決着を軸に、相手は実力上位の3とモーター相対上位の2を優先。対抗で3号艇のまくり・まくり差しを想定し、4を絡めて中穴を拾う。5・6はモーターと勝率から大きくは取らない。堅実性とオッズのバランスを見て、1・3軸の少点数に絞る。

**買い目**
1-2-3
1-3-2
1-3-4
3-1-2
3-2-4","**分析**

会場は戸田。インが比較的生きやすいが、モーター差と選手の級別・勝率で流れが変わりやすい水面。天候・風・波・展示タイムの数値が一切ないため、選手勝率・級別・モーター番号（簡易的な性能指標）と人気オッズのバランスだけで判断する。

- 堅実性: 1号艇桐本（A2・勝率5.74・M29）と3号艇原田（A2・勝率5.77・M22）が軸候補。両者ともA2で勝率拮抗。2号艇福嶋はB1で勝率低めだがM30と相対的に上位。4号艇片岡もA2だが勝率4.91とやや落ちる。5号艇鈴木はB1ながら勝率5.44と穴党的な数字、ただしM7は明らかに劣勢。6号艇山下は勝率3.83で戦力不足寄り。
- 選手・モーター: 1・3が実力上位で拮抗。モーターは2号が30で相対的に良く、1号29もまずまず。3号22・4号24は中位、5号7は明確に弱い。イン逃げ～差しの基本形に加え、3号のまくり・まくり差しや2号の差し残りを警戒。
- 展示・気象: データなしのため補正不能。戸田の標準的なイン有利バイアスを前提に、極端な追い風・向かい風がない想定で進める。
- オッズバランス: 1-2-6が23.3倍で頭一つ抜けた人気。続いて3軸の3-2-4（25.5）、3-4-2（32.1）が並び、1軸の1-4-5や1-3系も30倍台。1と3の両にらみで、2・4が絡む形が支持されている。5が絡むとやや高配当寄り。過熱しすぎた1-2固着より、3の逆転と4の食い込みを意識した方が期待値は取りやすい。

総合すると、1号の逃げ切りをベースにしつつ、3号の攻めと2・4の連対を重視。5はモーター劣勢で抑えめ、6は薄め。

**結論**

本命は1号艇の逃げ・差し決着を軸に、相手は実力上位の3とモーター相対上位の2を優先。対抗で3号艇のまくり・まくり差しを想定し、4を絡めて中穴を拾う。5・6はモーターと勝率から大きくは取らない。堅実性とオッズのバランスを見て、1・3軸の少点数に絞る。

**買い目**
1-2-3
1-3-2
1-3-4
3-1-2
3-2-4","1-2-6:100, 3-2-4:100, 3-4-2:100, 1-4-5:100, 1-2-3:100"
20260724_唐津_2,2026-07-24,唐津,2,"分析
会場は唐津2R。天候・風・波の数値が未提示のため、展示気配や水面影響は判断材料から除外し、選手級別・勝率・モーター番号とオッズバランスを中心に見る。

選手・モーター面では1号艇川島（A2・勝率5.5・モーター19）がインで安定感があり、軸候補。2号艇後藤（A2・勝率6.03・モーター52）は勝率が最も高く、モーターも相対的に上位で差し・まくりの脅威。3号艇冨成（B1・4.51・24）と5号艇横田（B1・4.6・44）は中堅、4号艇松下（B1・4.39・58）はモーター番号が高めで穴要素、6号艇寺田（B2・1.46・35）は勝率が低く大きく崩れる可能性が高い。全体として1・2が実力上位で、3・4が続き、5は展開次第、6は厳しい構図。

オッズは1-2-4（4.2倍）と1-2-3（4.7倍）が並んで人気で、1号艇固めで2・3・4を絡める形が支持されている。1-4-2や1-2-5が続く一方、2-1系は17倍台以降でやや薄く、1号艇頭の堅い組み合わせにマネーが集中。堅実性は1号艇逃げ～差し決着をベースにしつつ、2号艇の勝率優位と4号艇モーターを加味した二・三連複のバランスが取れている。6号艇は切りやすく、5号艇はヒモの穴として軽く見る程度。

結論
1号艇を軸にした堅実な1-2・1-4系が中心。実力と人気のバランスから大きく崩れる要素は薄く、2号艇の上位食い込みと4号艇のモーター次第の食い込みを想定した少点数で対応するのが妥当。展示・気象不明のためイン優勢の基本形を崩さない。

買い目
1-2-4
1-2-3
1-4-2
1-2-5
2-1-4","分析
会場は唐津2R。天候・風・波の数値が未提示のため、展示気配や水面影響は判断材料から除外し、選手級別・勝率・モーター番号とオッズバランスを中心に見る。

選手・モーター面では1号艇川島（A2・勝率5.5・モーター19）がインで安定感があり、軸候補。2号艇後藤（A2・勝率6.03・モーター52）は勝率が最も高く、モーターも相対的に上位で差し・まくりの脅威。3号艇冨成（B1・4.51・24）と5号艇横田（B1・4.6・44）は中堅、4号艇松下（B1・4.39・58）はモーター番号が高めで穴要素、6号艇寺田（B2・1.46・35）は勝率が低く大きく崩れる可能性が高い。全体として1・2が実力上位で、3・4が続き、5は展開次第、6は厳しい構図。

オッズは1-2-4（4.2倍）と1-2-3（4.7倍）が並んで人気で、1号艇固めで2・3・4を絡める形が支持されている。1-4-2や1-2-5が続く一方、2-1系は17倍台以降でやや薄く、1号艇頭の堅い組み合わせにマネーが集中。堅実性は1号艇逃げ～差し決着をベースにしつつ、2号艇の勝率優位と4号艇モーターを加味した二・三連複のバランスが取れている。6号艇は切りやすく、5号艇はヒモの穴として軽く見る程度。

結論
1号艇を軸にした堅実な1-2・1-4系が中心。実力と人気のバランスから大きく崩れる要素は薄く、2号艇の上位食い込みと4号艇のモーター次第の食い込みを想定した少点数で対応するのが妥当。展示・気象不明のためイン優勢の基本形を崩さない。

買い目
1-2-4
1-2-3
1-4-2
1-2-5
2-1-4","1-2-4:100, 1-2-3:100, 1-4-2:100, 1-2-5:100, 2-1-4:100"
